/*
SQLyog v10.2 
MySQL - 5.6.11 : Database - ofarm
*********************************************************************
*/

/*!40101 SET NAMES utf8 */;

/*!40101 SET SQL_MODE=''*/;

/*!40014 SET @OLD_UNIQUE_CHECKS=@@UNIQUE_CHECKS, UNIQUE_CHECKS=0 */;
/*!40014 SET @OLD_FOREIGN_KEY_CHECKS=@@FOREIGN_KEY_CHECKS, FOREIGN_KEY_CHECKS=0 */;
/*!40101 SET @OLD_SQL_MODE=@@SQL_MODE, SQL_MODE='NO_AUTO_VALUE_ON_ZERO' */;
/*!40111 SET @OLD_SQL_NOTES=@@SQL_NOTES, SQL_NOTES=0 */;
CREATE DATABASE /*!32312 IF NOT EXISTS*/`ofarm` /*!40100 DEFAULT CHARACTER SET utf8 */;

USE `ofarm`;

/*Table structure for table `category` */

DROP TABLE IF EXISTS `category`;

CREATE TABLE `category` (
  `id` varchar(32) NOT NULL,
  `cid` varchar(32) DEFAULT NULL,
  `cname` varchar(40) DEFAULT NULL,
  `parentid` varchar(40) DEFAULT NULL,
  `state` varchar(2) DEFAULT NULL,
  `isParent` varchar(10) DEFAULT 'false',
  PRIMARY KEY (`id`)
) ENGINE=InnoDB DEFAULT CHARSET=utf8;

/*Data for the table `category` */

insert  into `category`(`id`,`cid`,`cname`,`parentid`,`state`,`isParent`) values ('2c9ba38e5b96db5b015b96e4e0e40007','2c9ba38e5b96db5b015b96e4e0e40007','test12','402881e95b37e724015b37e738db0001','0','false'),('402881e95b37e5ca015b37e5e80f0000','402881e95b37e5ca015b37e5e80f0000','é…’èŒ¶å†²é¥®','402881e95b37e724015b37e739210004','1','false'),('402881e95b37e724015b37e737f40000','402881e95b37e724015b37e737f40000','æ°´äº§ç±»','402881e95b37e724015b37e738db0001','1','false'),('402881e95b37e724015b37e738db0001','402881e95b37e724015b37e738db0001','ç•œç‰§æ°´äº§','0','1','true'),('402881e95b37e724015b37e738ee0002','402881e95b37e724015b37e738ee0002','ç²®æ²¹ç±³é¢','0','1','true'),('402881e95b37e724015b37e739020003','402881e95b37e724015b37e739020003','ç¹è‚²ç§è‹—','402881e95b37e724015b37e738db0001','1','false'),('402881e95b37e724015b37e739210004','402881e95b37e724015b37e739210004','å†œå‰¯åŠ å·¥','0','1','true'),('402881e95b37e724015b37e739310005','402881e95b37e724015b37e739310005','å†œèµ„å†œæœº','0','1','true'),('402881e95b37e724015b37e739490006','402881e95b37e724015b37e739490006','äº”è°·æ‚ç²®','402881e95b37e724015b37e738ee0002','1','false'),('402881e95b37e724015b37e739640007','402881e95b37e724015b37e739640007','é£Ÿç”¨æ²¹','402881e95b37e724015b37e738ee0002','1','false'),('402881e95b37e724015b37e7397b0008','402881e95b37e724015b37e7397b0008','æ°´æœè”¬èœ','0','1','true'),('402881e95b37e724015b37e7398f0009','402881e95b37e724015b37e7398f0009','ç¦½ç•œç±»','402881e95b37e724015b37e738db0001','1','false'),('402881e95b37e724015b37e739a4000a','402881e95b37e724015b37e739a4000a','æ°´æœ','402881e95b37e724015b37e7397b0008','1','false'),('402881e95b37e724015b37e739bd000b','402881e95b37e724015b37e739bd000b','è‚‰ç±»æ°´äº§åŠ å·¥','402881e95b37e724015b37e739210004','1','false'),('402881e95b37e724015b37e739ce000c','402881e95b37e724015b37e739ce000c','è”¬èœ','402881e95b37e724015b37e7397b0008','1','false'),('402881e95b37e724015b37e739df000d','402881e95b37e724015b37e739df000d','è”¬æœåŠ å·¥','402881e95b37e724015b37e739210004','1','false'),('402881e95b37e724015b37e739f4000e','402881e95b37e724015b37e739f4000e','è‚‰è›‹å¥¶','402881e95b37e724015b37e739210004','1','false'),('402881e95b37e724015b37e73a0f000f','402881e95b37e724015b37e73a0f000f','å†œèµ„','402881e95b37e724015b37e739310005','1','false'),('402881e95b37e724015b37e73a270010','402881e95b37e724015b37e73a270010','å†œæœº','402881e95b37e724015b37e739310005','1','false'),('402881e95b37e724015b37e73a3e0011','402881e95b37e724015b37e73a3e0011','ç‰¹ç§ç±»','402881e95b37e724015b37e738db0001','1','false'),('402881e95b37e724015b37e73a580012','402881e95b37e724015b37e73a580012','è°ƒå‘³å“','402881e95b37e724015b37e738ee0002','1','false'),('4028ab5f5b96fce6015b96fdb2830000',NULL,'test','402881e95b37e724015b37e738db0001','0','false'),('4028ab5f5b970dc1015b970ec2c50000',NULL,'new node1','402881e95b37e724015b37e738db0001','0','false'),('4028ab5f5b971171015b9711f8ff0000',NULL,'test','402881e95b37e724015b37e738db0001','0','false'),('ff8080815b9831ae015b98ce2ffa0008',NULL,'teat','402881e95b37e724015b37e738db0001','1','false');

/*Table structure for table `category_data` */

DROP TABLE IF EXISTS `category_data`;

CREATE TABLE `category_data` (
  `id` varchar(32) NOT NULL,
  `cid` varchar(32) DEFAULT NULL,
  `cname` varchar(40) DEFAULT NULL,
  `parentid` varchar(40) DEFAULT NULL,
  `state` varchar(2) DEFAULT NULL,
  `isParent` varchar(10) DEFAULT 'false'
) ENGINE=InnoDB DEFAULT CHARSET=utf8;

/*Data for the table `category_data` */

insert  into `category_data`(`id`,`cid`,`cname`,`parentid`,`state`,`isParent`) values ('402881e95b37e5ca015b37e5e80f0000','402881e95b37e5ca015b37e5e80f0000','é…’èŒ¶å†²é¥®','402881e95b37e724015b37e739210004','1','false'),('402881e95b37e724015b37e737f40000','402881e95b37e724015b37e737f40000','æ°´äº§ç±»','402881e95b37e724015b37e738db0001','1','false'),('402881e95b37e724015b37e738db0001','402881e95b37e724015b37e738db0001','ç•œç‰§æ°´äº§','0','1','true'),('402881e95b37e724015b37e738ee0002','402881e95b37e724015b37e738ee0002','ç²®æ²¹ç±³é¢','0','1','true'),('402881e95b37e724015b37e739020003','402881e95b37e724015b37e739020003','ç¹è‚²ç§è‹—','402881e95b37e724015b37e738db0001','1','false'),('402881e95b37e724015b37e739210004','402881e95b37e724015b37e739210004','å†œå‰¯åŠ å·¥','0','1','true'),('402881e95b37e724015b37e739310005','402881e95b37e724015b37e739310005','å†œèµ„å†œæœº','0','1','true'),('402881e95b37e724015b37e739490006','402881e95b37e724015b37e739490006','äº”è°·æ‚ç²®','402881e95b37e724015b37e738ee0002','1','false'),('402881e95b37e724015b37e739640007','402881e95b37e724015b37e739640007','é£Ÿç”¨æ²¹','402881e95b37e724015b37e738ee0002','1','false'),('402881e95b37e724015b37e7397b0008','402881e95b37e724015b37e7397b0008','æ°´æœè”¬èœ','0','1','true'),('402881e95b37e724015b37e7398f0009','402881e95b37e724015b37e7398f0009','ç¦½ç•œç±»','402881e95b37e724015b37e738db0001','1','false'),('402881e95b37e724015b37e739a4000a','402881e95b37e724015b37e739a4000a','æ°´æœ','402881e95b37e724015b37e7397b0008','1','false'),('402881e95b37e724015b37e739bd000b','402881e95b37e724015b37e739bd000b','è‚‰ç±»æ°´äº§åŠ å·¥','402881e95b37e724015b37e739210004','1','false'),('402881e95b37e724015b37e739ce000c','402881e95b37e724015b37e739ce000c','è”¬èœ','402881e95b37e724015b37e7397b0008','1','false'),('402881e95b37e724015b37e739df000d','402881e95b37e724015b37e739df000d','è”¬æœåŠ å·¥','402881e95b37e724015b37e739210004','1','false'),('402881e95b37e724015b37e739f4000e','402881e95b37e724015b37e739f4000e','è‚‰è›‹å¥¶','402881e95b37e724015b37e739210004','1','false'),('402881e95b37e724015b37e73a0f000f','402881e95b37e724015b37e73a0f000f','å†œèµ„','402881e95b37e724015b37e739310005','1','false'),('402881e95b37e724015b37e73a270010','402881e95b37e724015b37e73a270010','å†œæœº','402881e95b37e724015b37e739310005','1','false'),('402881e95b37e724015b37e73a3e0011','402881e95b37e724015b37e73a3e0011','ç‰¹ç§ç±»','402881e95b37e724015b37e738db0001','1','false'),('402881e95b37e724015b37e73a580012','402881e95b37e724015b37e73a580012','è°ƒå‘³å“','402881e95b37e724015b37e738ee0002','1','false');

/*Table structure for table `category_one` */

DROP TABLE IF EXISTS `category_one`;

CREATE TABLE `category_one` (
  `id` varchar(32) NOT NULL,
  `cid` varchar(32) DEFAULT NULL,
  `cname` varchar(40) DEFAULT NULL,
  `parentid` varchar(40) DEFAULT NULL
) ENGINE=InnoDB DEFAULT CHARSET=utf8;

/*Data for the table `category_one` */

/*Table structure for table `category_two` */

DROP TABLE IF EXISTS `category_two`;

CREATE TABLE `category_two` (
  `id` varchar(32) NOT NULL,
  `cid` varchar(32) DEFAULT NULL,
  `cname` varchar(40) DEFAULT NULL,
  `parentid` varchar(40) DEFAULT NULL,
  `state` varchar(2) DEFAULT NULL,
  `isParent` varchar(10) DEFAULT 'false'
) ENGINE=InnoDB DEFAULT CHARSET=utf8;

/*Data for the table `category_two` */

insert  into `category_two`(`id`,`cid`,`cname`,`parentid`,`state`,`isParent`) values ('402881e95b37e5ca015b37e5e80f0000','402881e95b37e5ca015b37e5e80f0000','é…’èŒ¶å†²é¥®','402881e95b37e724015b37e739210004','1','false'),('402881e95b37e724015b37e737f40000','402881e95b37e724015b37e737f40000','æ°´äº§ç±»','402881e95b37e724015b37e738db0001','1','false'),('402881e95b37e724015b37e738db0001','402881e95b37e724015b37e738db0001','ç•œç‰§æ°´äº§','0','1','true'),('402881e95b37e724015b37e738ee0002','402881e95b37e724015b37e738ee0002','ç²®æ²¹ç±³é¢','0','1','true'),('402881e95b37e724015b37e739020003','402881e95b37e724015b37e739020003','ç¹è‚²ç§è‹—','402881e95b37e724015b37e738db0001','1','false'),('402881e95b37e724015b37e739210004','402881e95b37e724015b37e739210004','å†œå‰¯åŠ å·¥','0','1','true'),('402881e95b37e724015b37e739310005','402881e95b37e724015b37e739310005','å†œèµ„å†œæœº','0','1','true'),('402881e95b37e724015b37e739490006','402881e95b37e724015b37e739490006','äº”è°·æ‚ç²®','402881e95b37e724015b37e738ee0002','1','false'),('402881e95b37e724015b37e739640007','402881e95b37e724015b37e739640007','é£Ÿç”¨æ²¹','402881e95b37e724015b37e738ee0002','1','false'),('402881e95b37e724015b37e7397b0008','402881e95b37e724015b37e7397b0008','æ°´æœè”¬èœ','0','1','true'),('402881e95b37e724015b37e7398f0009','402881e95b37e724015b37e7398f0009','ç¦½ç•œç±»','402881e95b37e724015b37e738db0001','1','false'),('402881e95b37e724015b37e739a4000a','402881e95b37e724015b37e739a4000a','æ°´æœ','402881e95b37e724015b37e7397b0008','1','false'),('402881e95b37e724015b37e739bd000b','402881e95b37e724015b37e739bd000b','è‚‰ç±»æ°´äº§åŠ å·¥','402881e95b37e724015b37e739210004','1','false'),('402881e95b37e724015b37e739ce000c','402881e95b37e724015b37e739ce000c','è”¬èœ','402881e95b37e724015b37e7397b0008','1','false'),('402881e95b37e724015b37e739df000d','402881e95b37e724015b37e739df000d','è”¬æœåŠ å·¥','402881e95b37e724015b37e739210004','1','false'),('402881e95b37e724015b37e739f4000e','402881e95b37e724015b37e739f4000e','è‚‰è›‹å¥¶','402881e95b37e724015b37e739210004','1','false'),('402881e95b37e724015b37e73a0f000f','402881e95b37e724015b37e73a0f000f','å†œèµ„','402881e95b37e724015b37e739310005','1','false'),('402881e95b37e724015b37e73a270010','402881e95b37e724015b37e73a270010','å†œæœº','402881e95b37e724015b37e739310005','1','false'),('402881e95b37e724015b37e73a3e0011','402881e95b37e724015b37e73a3e0011','ç‰¹ç§ç±»','402881e95b37e724015b37e738db0001','1','false'),('402881e95b37e724015b37e73a580012','402881e95b37e724015b37e73a580012','è°ƒå‘³å“','402881e95b37e724015b37e738ee0002','1','false');

/*Table structure for table `news` */

DROP TABLE IF EXISTS `news`;

CREATE TABLE `news` (
  `nid` varchar(32) NOT NULL,
  `title` varchar(50) DEFAULT NULL,
  `createtime` datetime DEFAULT NULL,
  `publisher` varchar(50) DEFAULT NULL,
  `content` text,
  `state` varchar(2) DEFAULT NULL,
  PRIMARY KEY (`nid`),
  KEY `FK_news_admin` (`publisher`),
  CONSTRAINT `FK_news_admin` FOREIGN KEY (`publisher`) REFERENCES `sys_admin` (`id`) ON DELETE NO ACTION ON UPDATE NO ACTION
) ENGINE=InnoDB DEFAULT CHARSET=utf8;

/*Data for the table `news` */

insert  into `news`(`nid`,`title`,`createtime`,`publisher`,`content`,`state`) values ('2c948a875b8f96e8015b8f9777b80000','testtest','2017-04-21 16:18:40','402882355a5e4b28015a5e4b2d9f0000','\n										<h2>testtesttesttesttesttesttesttesttesttesttesttesttesttesttesttesttesttest</h2>\n										<p>testtesttesttesttesttest</p>\n									','1'),('2c948a875b8f96e8015b8f9bbdd80001','12312312','2017-04-21 16:23:20','402882355a5e4b28015a5e4b2d9f0000','\n										<h2>è¯·è¾“å…¥æ¶ˆæ¯å†…å®¹</h2>\n										<h2 style=\"color: rgb(103, 106, 108);\">è¯·è¾“å…¥æ¶ˆæ¯å†…å®¹è¯·è¾“å…¥æ¶ˆæ¯å†…å®¹è¯·è¾“å…¥æ¶ˆæ¯å†…å®¹è¯·è¾“å…¥æ¶ˆæ¯å†…å®¹è¯·è¾“å…¥æ¶ˆæ¯å†…å®¹è¯·è¾“å…¥æ¶ˆæ¯å†…å®¹</h2>\n									','1'),('2c948a875b8fa9be015b8fafc5620000','hahahahah','2017-04-21 16:45:12','402882355a5e4b28015a5e4b2d9f0000','å“ˆå“ˆ<span style=\"font-size: 13.3333px;\">å“ˆå“ˆ</span><span style=\"font-size: 13.3333px;\">å“ˆå“ˆ</span><span style=\"font-size: 13.3333px;\">å“ˆå“ˆ</span><span style=\"font-size: 13.3333px;\">å“ˆå“ˆ</span><span style=\"font-size: 13.3333px;\">å“ˆå“ˆ</span><span style=\"font-size: 13.3333px;\">å“ˆå“ˆ</span><span style=\"font-size: 13.3333px;\">å“ˆå“ˆ</span><span style=\"font-size: 13.3333px;\">å“ˆå“ˆ</span><span style=\"font-size: 13.3333px;\">å“ˆå“ˆ</span>','1'),('2c948a875b8fa9be015b8fb14cbe0001','riririir','2017-04-21 16:46:53','402882355a5e4b28015a5e4b2d9f0000','\n										<h2>å“ˆå“ˆå“ˆå“ˆå“ˆå“ˆå“ˆå“ˆ</h2>\n									','1'),('2c948a875b8fcc44015b8fd7ce0a0000','asfsdf','2017-04-21 17:28:56','402882355a5e4b28015a5e4b2d9f0000','\n										<h2>daqdqwfweqfweqfwefwefwqfweqfweqfqwef</h2>\n									','1'),('2c948a875b900afc015b900ff3350000','è¿™æ˜¯ä¸€æ¡æ—¥å¸¸æ¶ˆæ¯','2017-04-21 18:30:16','402882355a5e4b28015a5e4b2d9f0000','\n										<h2>è¯·è¾“å…¥æ—¥å¸¸æ¶ˆæ¯</h2>\n										<p>è¯·è¾“å…¥æ—¥å¸¸æ¶ˆæ¯&nbsp;<span style=\"font-size: 13.3333px; color: inherit;\">è¯·è¾“å…¥æ—¥å¸¸æ¶ˆæ¯&nbsp;</span><span style=\"font-size: 13.3333px; color: inherit;\">è¯·è¾“å…¥æ—¥å¸¸æ¶ˆæ¯&nbsp;</span><span style=\"color: inherit; font-size: 13.3333px;\">è¯·è¾“å…¥æ—¥å¸¸æ¶ˆæ¯&nbsp;</span><span style=\"color: inherit; font-size: 13.3333px;\">è¯·è¾“å…¥æ—¥å¸¸æ¶ˆæ¯&nbsp;</span><span style=\"color: inherit; font-size: 13.3333px;\">è¯·è¾“å…¥æ—¥å¸¸æ¶ˆæ¯</span><span style=\"color: inherit; font-size: 13.3333px;\">è¯·è¾“å…¥æ—¥å¸¸æ¶ˆæ¯&nbsp;</span><span style=\"color: inherit; font-size: 13.3333px;\">è¯·è¾“å…¥æ—¥å¸¸æ¶ˆæ¯&nbsp;</span><span style=\"color: inherit; font-size: 13.3333px;\">è¯·è¾“å…¥æ—¥å¸¸æ¶ˆæ¯</span><span style=\"color: inherit; font-size: 13.3333px;\">è¯·è¾“å…¥æ—¥å¸¸æ¶ˆæ¯&nbsp;</span><span style=\"color: inherit; font-size: 13.3333px;\">è¯·è¾“å…¥æ—¥å¸¸æ¶ˆæ¯&nbsp;</span><span style=\"color: inherit; font-size: 13.3333px;\">è¯·è¾“å…¥æ—¥å¸¸æ¶ˆæ¯</span><span style=\"color: inherit; font-size: 13.3333px;\">è¯·è¾“å…¥æ—¥å¸¸æ¶ˆæ¯&nbsp;</span><span style=\"color: inherit; font-size: 13.3333px;\">è¯·è¾“å…¥æ—¥å¸¸æ¶ˆæ¯&nbsp;</span><span style=\"color: inherit; font-size: 13.3333px;\">è¯·è¾“å…¥æ—¥å¸¸æ¶ˆæ¯</span><span style=\"color: inherit; font-size: 13.3333px;\">è¯·è¾“å…¥æ—¥å¸¸æ¶ˆæ¯&nbsp;</span><span style=\"color: inherit; font-size: 13.3333px;\">è¯·è¾“å…¥æ—¥å¸¸æ¶ˆæ¯&nbsp;</span><span style=\"color: inherit; font-size: 13.3333px;\">è¯·è¾“å…¥æ—¥å¸¸æ¶ˆæ¯</span><span style=\"color: inherit; font-size: 13.3333px;\">è¯·è¾“å…¥æ—¥å¸¸æ¶ˆæ¯&nbsp;</span><span style=\"color: inherit; font-size: 13.3333px;\">è¯·è¾“å…¥æ—¥å¸¸æ¶ˆæ¯&nbsp;</span><span style=\"color: inherit; font-size: 13.3333px;\">è¯·è¾“å…¥æ—¥å¸¸æ¶ˆæ¯</span><span style=\"color: inherit; font-size: 13.3333px;\">è¯·è¾“å…¥æ—¥å¸¸æ¶ˆæ¯&nbsp;</span><span style=\"color: inherit; font-size: 13.3333px;\">è¯·è¾“å…¥æ—¥å¸¸æ¶ˆæ¯&nbsp;</span><span style=\"color: inherit; font-size: 13.3333px;\">è¯·è¾“å…¥æ—¥å¸¸æ¶ˆæ¯</span><span style=\"color: inherit; font-size: 13.3333px;\">è¯·è¾“å…¥æ—¥å¸¸æ¶ˆæ¯&nbsp;</span><span style=\"color: inherit; font-size: 13.3333px;\">è¯·è¾“å…¥æ—¥å¸¸æ¶ˆæ¯&nbsp;</span><span style=\"color: inherit; font-size: 13.3333px;\">è¯·è¾“å…¥æ—¥å¸¸æ¶ˆæ¯</span><span style=\"color: inherit; font-size: 13.3333px;\">è¯·è¾“å…¥æ—¥å¸¸æ¶ˆæ¯&nbsp;</span><span style=\"color: inherit; font-size: 13.3333px;\">è¯·è¾“å…¥æ—¥å¸¸æ¶ˆæ¯&nbsp;</span><span style=\"color: inherit; font-size: 13.3333px;\">è¯·è¾“å…¥æ—¥å¸¸æ¶ˆæ¯</span><span style=\"color: inherit; font-size: 13.3333px;\">è¯·è¾“å…¥æ—¥å¸¸æ¶ˆæ¯&nbsp;</span><span style=\"color: inherit; font-size: 13.3333px;\">è¯·è¾“å…¥æ—¥å¸¸æ¶ˆæ¯&nbsp;</span><span style=\"color: inherit; font-size: 13.3333px;\">è¯·è¾“å…¥æ—¥å¸¸æ¶ˆæ¯</span><span style=\"color: inherit; font-size: 13.3333px;\">è¯·è¾“å…¥æ—¥å¸¸æ¶ˆæ¯&nbsp;</span><span style=\"color: inherit; font-size: 13.3333px;\">è¯·è¾“å…¥æ—¥å¸¸æ¶ˆæ¯&nbsp;</span><span style=\"color: inherit; font-size: 13.3333px;\">è¯·è¾“å…¥æ—¥å¸¸æ¶ˆæ¯</span><span style=\"color: inherit; font-size: 13.3333px;\">è¯·è¾“å…¥æ—¥å¸¸æ¶ˆæ¯&nbsp;</span><span style=\"color: inherit; font-size: 13.3333px;\">è¯·è¾“å…¥æ—¥å¸¸æ¶ˆæ¯&nbsp;</span><span style=\"color: inherit; font-size: 13.3333px;\">è¯·è¾“å…¥æ—¥å¸¸æ¶ˆæ¯</span><span style=\"color: inherit; font-size: 13.3333px;\">è¯·è¾“å…¥æ—¥å¸¸æ¶ˆæ¯&nbsp;</span><span style=\"color: inherit; font-size: 13.3333px;\">è¯·è¾“å…¥æ—¥å¸¸æ¶ˆæ¯&nbsp;</span><span style=\"color: inherit; font-size: 13.3333px;\">è¯·è¾“å…¥æ—¥å¸¸æ¶ˆæ¯</span><span style=\"color: inherit; font-size: 13.3333px;\">è¯·è¾“å…¥æ—¥å¸¸æ¶ˆæ¯&nbsp;</span><span style=\"color: inherit; font-size: 13.3333px;\">è¯·è¾“å…¥æ—¥å¸¸æ¶ˆæ¯&nbsp;</span><span style=\"color: inherit; font-size: 13.3333px;\">è¯·è¾“å…¥æ—¥å¸¸æ¶ˆæ¯</span><span style=\"color: inherit; font-size: 13.3333px;\">è¯·è¾“å…¥æ—¥å¸¸æ¶ˆæ¯&nbsp;</span><span style=\"color: inherit; font-size: 13.3333px;\">è¯·è¾“å…¥æ—¥å¸¸æ¶ˆæ¯&nbsp;</span><span style=\"color: inherit; font-size: 13.3333px;\">è¯·è¾“å…¥æ—¥å¸¸æ¶ˆæ¯</span><span style=\"color: inherit; font-size: 13.3333px;\">è¯·è¾“å…¥æ—¥å¸¸æ¶ˆæ¯&nbsp;</span><span style=\"color: inherit; font-size: 13.3333px;\">è¯·è¾“å…¥æ—¥å¸¸æ¶ˆæ¯&nbsp;</span><span style=\"color: inherit; font-size: 13.3333px;\">è¯·è¾“å…¥æ—¥å¸¸æ¶ˆæ¯</span><span style=\"color: inherit; font-size: 13.3333px;\">è¯·è¾“å…¥æ—¥å¸¸æ¶ˆæ¯&nbsp;</span><span style=\"color: inherit; font-size: 13.3333px;\">è¯·è¾“å…¥æ—¥å¸¸æ¶ˆæ¯&nbsp;</span><span style=\"color: inherit; font-size: 13.3333px;\">è¯·è¾“å…¥æ—¥å¸¸æ¶ˆæ¯</span><span style=\"color: inherit; font-size: 13.3333px;\">è¯·è¾“å…¥æ—¥å¸¸æ¶ˆæ¯&nbsp;</span><span style=\"color: inherit; font-size: 13.3333px;\">è¯·è¾“å…¥æ—¥å¸¸æ¶ˆæ¯&nbsp;</span><span style=\"color: inherit; font-size: 13.3333px;\">è¯·è¾“å…¥æ—¥å¸¸æ¶ˆæ¯</span><span style=\"color: inherit; font-size: 13.3333px;\">è¯·è¾“å…¥æ—¥å¸¸æ¶ˆæ¯&nbsp;</span><span style=\"color: inherit; font-size: 13.3333px;\">è¯·è¾“å…¥æ—¥å¸¸æ¶ˆæ¯&nbsp;</span><span style=\"color: inherit; font-size: 13.3333px;\">è¯·è¾“å…¥æ—¥å¸¸æ¶ˆæ¯</span><span style=\"color: inherit; font-size: 13.3333px;\">è¯·è¾“å…¥æ—¥å¸¸æ¶ˆæ¯&nbsp;</span><span style=\"color: inherit; font-size: 13.3333px;\">è¯·è¾“å…¥æ—¥å¸¸æ¶ˆæ¯&nbsp;</span><span style=\"color: inherit; font-size: 13.3333px;\">è¯·è¾“å…¥æ—¥å¸¸æ¶ˆæ¯</span><span style=\"color: inherit; font-size: 13.3333px;\">è¯·è¾“å…¥æ—¥å¸¸æ¶ˆæ¯&nbsp;</span><span style=\"color: inherit; font-size: 13.3333px;\">è¯·è¾“å…¥æ—¥å¸¸æ¶ˆæ¯&nbsp;</span><span style=\"color: inherit; font-size: 13.3333px;\">è¯·è¾“å…¥æ—¥å¸¸æ¶ˆæ¯</span><span style=\"color: inherit; font-size: 13.3333px;\">è¯·è¾“å…¥æ—¥å¸¸æ¶ˆæ¯&nbsp;</span><span style=\"color: inherit; font-size: 13.3333px;\">è¯·è¾“å…¥æ—¥å¸¸æ¶ˆæ¯&nbsp;</span><span style=\"color: inherit; font-size: 13.3333px;\">è¯·è¾“å…¥æ—¥å¸¸æ¶ˆæ¯</span><span style=\"color: inherit; font-size: 13.3333px;\">è¯·è¾“å…¥æ—¥å¸¸æ¶ˆæ¯&nbsp;</span><span style=\"color: inherit; font-size: 13.3333px;\">è¯·è¾“å…¥æ—¥å¸¸æ¶ˆæ¯&nbsp;</span><span style=\"color: inherit; font-size: 13.3333px;\">è¯·è¾“å…¥æ—¥å¸¸æ¶ˆæ¯</span><span style=\"color: inherit; font-size: 13.3333px;\">è¯·è¾“å…¥æ—¥å¸¸æ¶ˆæ¯&nbsp;</span><span style=\"color: inherit; font-size: 13.3333px;\">è¯·è¾“å…¥æ—¥å¸¸æ¶ˆæ¯&nbsp;</span><span style=\"color: inherit; font-size: 13.3333px;\">è¯·è¾“å…¥æ—¥å¸¸æ¶ˆæ¯</span><span style=\"color: inherit; font-size: 13.3333px;\">è¯·è¾“å…¥æ—¥å¸¸æ¶ˆæ¯&nbsp;</span><span style=\"color: inherit; font-size: 13.3333px;\">è¯·è¾“å…¥æ—¥å¸¸æ¶ˆæ¯&nbsp;</span><span style=\"color: inherit; font-size: 13.3333px;\">è¯·è¾“å…¥æ—¥å¸¸æ¶ˆæ¯</span><span style=\"color: inherit; font-size: 13.3333px;\">è¯·è¾“å…¥æ—¥å¸¸æ¶ˆæ¯&nbsp;</span><span style=\"color: inherit; font-size: 13.3333px;\">è¯·è¾“å…¥æ—¥å¸¸æ¶ˆæ¯&nbsp;</span><span style=\"color: inherit; font-size: 13.3333px;\">è¯·è¾“å…¥æ—¥å¸¸æ¶ˆæ¯</span><span style=\"color: inherit; font-size: 13.3333px;\">è¯·è¾“å…¥æ—¥å¸¸æ¶ˆæ¯&nbsp;</span><span style=\"color: inherit; font-size: 13.3333px;\">è¯·è¾“å…¥æ—¥å¸¸æ¶ˆæ¯&nbsp;</span><span style=\"color: inherit; font-size: 13.3333px;\">è¯·è¾“å…¥æ—¥å¸¸æ¶ˆæ¯</span><span style=\"color: inherit; font-size: 13.3333px;\">è¯·è¾“å…¥æ—¥å¸¸æ¶ˆæ¯&nbsp;</span><span style=\"color: inherit; font-size: 13.3333px;\">è¯·è¾“å…¥æ—¥å¸¸æ¶ˆæ¯&nbsp;</span><span style=\"color: inherit; font-size: 13.3333px;\">è¯·è¾“å…¥æ—¥å¸¸æ¶ˆæ¯</span><span style=\"color: inherit; font-size: 13.3333px;\">è¯·è¾“å…¥æ—¥å¸¸æ¶ˆæ¯&nbsp;</span><span style=\"color: inherit; font-size: 13.3333px;\">è¯·è¾“å…¥æ—¥å¸¸æ¶ˆæ¯&nbsp;</span><span style=\"color: inherit; font-size: 13.3333px;\">è¯·è¾“å…¥æ—¥å¸¸æ¶ˆæ¯</span><span style=\"color: inherit; font-size: 13.3333px;\">è¯·è¾“å…¥æ—¥å¸¸æ¶ˆæ¯&nbsp;</span><span style=\"color: inherit; font-size: 13.3333px;\">è¯·è¾“å…¥æ—¥å¸¸æ¶ˆæ¯&nbsp;</span><span style=\"color: inherit; font-size: 13.3333px;\">è¯·è¾“å…¥æ—¥å¸¸æ¶ˆæ¯</span><span style=\"color: inherit; font-size: 13.3333px;\">è¯·è¾“å…¥æ—¥å¸¸æ¶ˆæ¯&nbsp;</span><span style=\"color: inherit; font-size: 13.3333px;\">è¯·è¾“å…¥æ—¥å¸¸æ¶ˆæ¯&nbsp;</span><span style=\"color: inherit; font-size: 13.3333px;\">è¯·è¾“å…¥æ—¥å¸¸æ¶ˆæ¯</span><span style=\"color: inherit; font-size: 13.3333px;\">è¯·è¾“å…¥æ—¥å¸¸æ¶ˆæ¯&nbsp;</span><span style=\"color: inherit; font-size: 13.3333px;\">è¯·è¾“å…¥æ—¥å¸¸æ¶ˆæ¯&nbsp;</span><span style=\"color: inherit; font-size: 13.3333px;\">è¯·è¾“å…¥æ—¥å¸¸æ¶ˆæ¯</span><span style=\"color: inherit; font-size: 13.3333px;\">è¯·è¾“å…¥æ—¥å¸¸æ¶ˆæ¯&nbsp;</span><span style=\"color: inherit; font-size: 13.3333px;\">è¯·è¾“å…¥æ—¥å¸¸æ¶ˆæ¯&nbsp;</span><span style=\"color: inherit; font-size: 13.3333px;\">è¯·è¾“å…¥æ—¥å¸¸æ¶ˆæ¯</span><span style=\"color: inherit; font-size: 13.3333px;\">è¯·è¾“å…¥æ—¥å¸¸æ¶ˆæ¯&nbsp;</span><span style=\"color: inherit; font-size: 13.3333px;\">è¯·è¾“å…¥æ—¥å¸¸æ¶ˆæ¯&nbsp;</span><span style=\"color: inherit; font-size: 13.3333px;\">è¯·è¾“å…¥æ—¥å¸¸æ¶ˆæ¯</span><span style=\"color: inherit; font-size: 13.3333px;\">è¯·è¾“å…¥æ—¥å¸¸æ¶ˆæ¯&nbsp;</span><span style=\"color: inherit; font-size: 13.3333px;\">è¯·è¾“å…¥æ—¥å¸¸æ¶ˆæ¯&nbsp;</span><span style=\"color: inherit; font-size: 13.3333px;\">è¯·è¾“å…¥æ—¥å¸¸æ¶ˆæ¯</span><span style=\"color: inherit; font-size: 13.3333px;\">è¯·è¾“å…¥æ—¥å¸¸æ¶ˆæ¯&nbsp;</span><span style=\"color: inherit; font-size: 13.3333px;\">è¯·è¾“å…¥æ—¥å¸¸æ¶ˆæ¯&nbsp;</span><span style=\"color: inherit; font-size: 13.3333px;\">è¯·è¾“å…¥æ—¥å¸¸æ¶ˆæ¯</span><span style=\"color: inherit; font-size: 13.3333px;\">è¯·è¾“å…¥æ—¥å¸¸æ¶ˆæ¯&nbsp;</span><span style=\"color: inherit; font-size: 13.3333px;\">è¯·è¾“å…¥æ—¥å¸¸æ¶ˆæ¯&nbsp;</span><span style=\"color: inherit; font-size: 13.3333px;\">è¯·è¾“å…¥æ—¥å¸¸æ¶ˆæ¯</span><span style=\"color: inherit; font-size: 13.3333px;\">è¯·è¾“å…¥æ—¥å¸¸æ¶ˆæ¯&nbsp;</span><span style=\"color: inherit; font-size: 13.3333px;\">è¯·è¾“å…¥æ—¥å¸¸æ¶ˆæ¯&nbsp;</span><span style=\"color: inherit; font-size: 13.3333px;\">è¯·è¾“å…¥æ—¥å¸¸æ¶ˆæ¯</span><span style=\"color: inherit; font-size: 13.3333px;\">è¯·è¾“å…¥æ—¥å¸¸æ¶ˆæ¯&nbsp;</span><span style=\"color: inherit; font-size: 13.3333px;\">è¯·è¾“å…¥æ—¥å¸¸æ¶ˆæ¯&nbsp;</span><span style=\"color: inherit; font-size: 13.3333px;\">è¯·è¾“å…¥æ—¥å¸¸æ¶ˆæ¯</span><span style=\"color: inherit; font-size: 13.3333px;\">è¯·è¾“å…¥æ—¥å¸¸æ¶ˆæ¯&nbsp;</span><span style=\"color: inherit; font-size: 13.3333px;\">è¯·è¾“å…¥æ—¥å¸¸æ¶ˆæ¯&nbsp;</span><span style=\"color: inherit; font-size: 13.3333px;\">è¯·è¾“å…¥æ—¥å¸¸æ¶ˆæ¯</span><span style=\"color: inherit; font-size: 13.3333px;\">è¯·è¾“å…¥æ—¥å¸¸æ¶ˆæ¯&nbsp;</span><span style=\"color: inherit; font-size: 13.3333px;\">è¯·è¾“å…¥æ—¥å¸¸æ¶ˆæ¯&nbsp;</span><span style=\"color: inherit; font-size: 13.3333px;\">è¯·è¾“å…¥æ—¥å¸¸æ¶ˆæ¯</span><span style=\"color: inherit; font-size: 13.3333px;\">è¯·è¾“å…¥æ—¥å¸¸æ¶ˆæ¯&nbsp;</span><span style=\"color: inherit; font-size: 13.3333px;\">è¯·è¾“å…¥æ—¥å¸¸æ¶ˆæ¯&nbsp;</span><span style=\"color: inherit; font-size: 13.3333px;\">è¯·è¾“å…¥æ—¥å¸¸æ¶ˆæ¯</span><span style=\"color: inherit; font-size: 13.3333px;\">è¯·è¾“å…¥æ—¥å¸¸æ¶ˆæ¯&nbsp;</span><span style=\"color: inherit; font-size: 13.3333px;\">è¯·è¾“å…¥æ—¥å¸¸æ¶ˆæ¯&nbsp;</span><span style=\"color: inherit; font-size: 13.3333px;\">è¯·è¾“å…¥æ—¥å¸¸æ¶ˆæ¯</span><span style=\"color: inherit; font-size: 13.3333px;\">è¯·è¾“å…¥æ—¥å¸¸æ¶ˆæ¯&nbsp;</span><span style=\"color: inherit; font-size: 13.3333px;\">è¯·è¾“å…¥æ—¥å¸¸æ¶ˆæ¯&nbsp;</span><span style=\"color: inherit; font-size: 13.3333px;\">è¯·è¾“å…¥æ—¥å¸¸æ¶ˆæ¯</span></p>\n									','1'),('2c948a875b900afc015b901327640001','testtest','2017-04-21 18:33:46','402882355a5e4b28015a5e4b2d9f0000','\n										<h2>è¯·è¾“å…¥æ¶ˆæ¯å†…å®¹</h2>\n										<p>è¯·è¾“å…¥æ¶ˆæ¯å†…å®¹test</p><p>testtest</p>\n									','1'),('2c948a875b900afc015b901342bc0002','testtesttest','2017-04-21 18:33:53','402882355a5e4b28015a5e4b2d9f0000','\n										<h2>è¯·è¾“å…¥æ¶ˆæ¯å†…å®¹</h2>\n										<p>è¯·è¾“å…¥æ¶ˆæ¯å†…å®¹testtesttesttesttesttest</p>\n									','1'),('2c948a875b900afc015b901361680003','testtesttesttesttest','2017-04-21 18:34:00','402882355a5e4b28015a5e4b2d9f0000','\n										<h2>è¯·è¾“å…¥æ¶ˆæ¯å†…å®¹</h2>\n										<p>è¯·è¾“å…¥æ¶ˆæ¯å†…å®¹testtesttesttesttest</p>\n									','1'),('2c948a875b900afc015b90137d030004','testtesttesttest','2017-04-21 18:34:08','402882355a5e4b28015a5e4b2d9f0000','\n										<h2>è¯·è¾“å…¥æ¶ˆæ¯å†…å®¹</h2>\n										<p>è¯·è¾“å…¥æ¶ˆæ¯å†…å®¹testtesttesttesttesttesttest</p>\n									','1'),('2c948a875b900afc015b9014029a0005','è¿™æ˜¯ä¸€æ¡å¤§æ–°é—»!','2017-04-21 18:34:42','402882355a5e4b28015a5e4b2d9f0000','\n										<h2>éœ‡æƒŠ!!!!</h2>\n										<h2 style=\"color: rgb(103, 106, 108);\">éœ‡æƒŠ!!!!éœ‡æƒŠ!!!!éœ‡æƒŠ!!!!éœ‡æƒŠ!!!!éœ‡æƒŠ!!!!éœ‡æƒŠ!!!!éœ‡æƒŠ!!!!éœ‡æƒŠ!!!!éœ‡æƒŠ!!!!éœ‡æƒŠ!!!!éœ‡æƒŠ!!!!éœ‡æƒŠ!!!!éœ‡æƒŠ!!!!éœ‡æƒŠ!!!!éœ‡æƒŠ!!!!éœ‡æƒŠ!!!!éœ‡æƒŠ!!!!éœ‡æƒŠ!!!!éœ‡æƒŠ!!!!éœ‡æƒŠ!!!!éœ‡æƒŠ!!!!éœ‡æƒŠ!!!!éœ‡æƒŠ!!!!éœ‡æƒŠ!!!!</h2>\n									','1'),('2c9ba38e5b96db5b015b96e272f00003','aaaaaa','2017-04-23 02:17:54','402882355a5e4b28015a5e4b2d9f0000','\n										<h2>aaaaaaaaaaaaaaaaaaaaa</h2>\n										<p>aaaaaaaaaaaaaaaa</p>\n									','1'),('4028ab5f5b96f679015b96f95d910000','test11','2017-04-23 02:42:56','402882355a5e4b28015a5e4b2d9f0000','\n										<h2>test111111111111111111111111111111111111111111111111111111111111111111111111111111111111111111111111111111111111111111111111111111111111111111111111111111111111111111111111111111111111111111111111111111111111111111111111111111111111111111111111111111111111111111111111111111111111111111111111111111111111111111111111111111111111111111111111111111111111111111111111111111111111111111111111111111111111111111111111</h2>\n									','1'),('4028ab5f5b96f679015b96f9faf20001','afdfdsf','2017-04-23 02:43:36','402882355a5e4b28015a5e4b2d9f0000','\n										<h2>è¯·è¾“å…¥æ¶ˆæ¯å†…å®¹</h2>\n										<p>è¯·è¾“å…¥æ¶ˆæ¯å†…å®¹</p>\n									','1'),('4028ab5f5b96f679015b96fa9b4b0002','qwerewqr','2017-04-23 02:44:17','402882355a5e4b28015a5e4b2d9f0000','\n										<h2>è¯·è¾“å…¥æ¶ˆæ¯å†…å®¹</h2>\n										<p>è¯·è¾“å…¥æ¶ˆæ¯å†…å®¹</p>\n									','1'),('ff8080815b9831ae015b983c68120005','aaaaa','2017-04-23 08:35:47','402882355a5e4b28015a5e4b2d9f0000','\n										<h2>éœ‡æƒŠ!!!!!!</h2>\n										<p>test<span style=\"color: inherit;\">test</span><span style=\"color: inherit;\">test</span><span style=\"color: inherit;\">test</span><span style=\"color: inherit;\">test</span><span style=\"color: inherit;\">test</span><span style=\"color: inherit;\">test</span><span style=\"color: inherit;\">test</span><span style=\"color: inherit;\">test</span><span style=\"color: inherit;\">test</span><span style=\"color: inherit;\">test</span><span style=\"color: inherit;\">test</span><span style=\"color: inherit;\">test</span><span style=\"color: inherit;\">test</span><span style=\"color: inherit;\">test</span><span style=\"color: inherit;\">test</span><span style=\"color: inherit;\">test</span><span style=\"color: inherit;\">test</span><span style=\"color: inherit;\">test</span><span style=\"color: inherit;\">test</span><span style=\"color: inherit;\">test</span><span style=\"color: inherit;\">test</span><span style=\"color: inherit;\">test</span><span style=\"color: inherit;\">test</span><span style=\"color: inherit;\">test</span><span style=\"color: inherit;\">test</span><span style=\"color: inherit;\">test</span><span style=\"color: inherit;\">test</span><span style=\"color: inherit;\">test</span><span style=\"color: inherit;\">test</span><span style=\"color: inherit;\">test</span><span style=\"color: inherit;\">test</span><span style=\"color: inherit;\">test</span><span style=\"color: inherit;\">test</span><span style=\"color: inherit;\">test</span><span style=\"color: inherit;\">test</span><span style=\"color: inherit;\">test</span><span style=\"color: inherit;\">test</span><span style=\"color: inherit;\">testv</span><span style=\"color: inherit;\">test</span><span style=\"color: inherit;\">test</span><span style=\"color: inherit;\">test</span><span style=\"color: inherit;\">test</span><span style=\"color: inherit;\">test</span><span style=\"color: inherit;\">test</span><span style=\"color: inherit;\">test</span><span style=\"color: inherit;\">test</span><span style=\"color: inherit;\">test</span><span style=\"color: inherit;\">test</span><span style=\"color: inherit;\">test</span><span style=\"color: inherit;\">test</span><span style=\"color: inherit;\">test</span><span style=\"color: inherit;\">test</span><span style=\"color: inherit;\">test</span><span style=\"color: inherit;\">test</span><span style=\"color: inherit;\">test</span><span style=\"color: inherit;\">test</span><span style=\"color: inherit;\">test</span><span style=\"color: inherit;\">test</span><span style=\"color: inherit;\">test</span><span style=\"color: inherit;\">test</span><span style=\"color: inherit;\">test</span><span style=\"color: inherit;\">test</span><span style=\"color: inherit;\">test</span><span style=\"color: inherit;\">test</span><span style=\"color: inherit;\">test</span><span style=\"color: inherit;\">test</span><span style=\"color: inherit;\">test</span><span style=\"color: inherit;\">test</span><span style=\"color: inherit;\">test</span><span style=\"color: inherit;\">test</span><span style=\"color: inherit;\">test</span><span style=\"color: inherit;\">test</span><span style=\"color: inherit;\">test</span><span style=\"color: inherit;\">test</span><span style=\"color: inherit;\">test</span><span style=\"color: inherit;\">test</span><span style=\"color: inherit;\">test</span><span style=\"color: inherit;\">test</span><span style=\"color: inherit;\">test</span><span style=\"color: inherit;\">test</span><span style=\"color: inherit;\">test</span><span style=\"color: inherit;\">test</span><span style=\"color: inherit;\">test</span><span style=\"color: inherit;\">test</span><span style=\"color: inherit;\">test</span><span style=\"color: inherit;\">test</span><span style=\"color: inherit;\">test</span><span style=\"color: inherit;\">test</span><span style=\"color: inherit;\">test</span><span style=\"color: inherit;\">test</span><span style=\"color: inherit;\">test</span><span style=\"color: inherit;\">test</span><span style=\"color: inherit;\">test</span><span style=\"color: inherit;\">test</span><span style=\"color: inherit;\">test</span><span style=\"color: inherit;\">test</span><span style=\"color: inherit;\">test</span><span style=\"color: inherit;\">test</span><span style=\"color: inherit;\">test</span><span style=\"color: inherit;\">test</span><span style=\"color: inherit;\">test</span><span style=\"color: inherit;\">test</span><span style=\"color: inherit;\">test</span><span style=\"color: inherit;\">test</span><span style=\"color: inherit;\">test</span><span style=\"color: inherit;\">test</span><span style=\"color: inherit;\">test</span><span style=\"color: inherit;\">test</span><span style=\"color: inherit;\">test</span><span style=\"color: inherit;\">test</span><span style=\"color: inherit;\">test</span><span style=\"color: inherit;\">test</span><span style=\"color: inherit;\">test</span><span style=\"color: inherit;\">test</span><span style=\"color: inherit;\">test</span><span style=\"color: inherit;\">test</span><span style=\"color: inherit;\">test</span><span style=\"color: inherit;\">test</span><span style=\"color: inherit;\">test</span><span style=\"color: inherit;\">test</span><span style=\"color: inherit;\">test</span><span style=\"color: inherit;\">test</span></p>\n									','1'),('ff8080815b9831ae015b983d05420006','testestestestetesete','2017-04-23 08:36:27','402882355a5e4b28015a5e4b2d9f0000','\n										<h2>è¯·è¾“å…¥æ¶ˆæ¯å†…å®¹</h2>\n										<p>è¯·è¾“å…¥æ¶ˆæ¯å†…å®¹<span style=\"color: inherit;\">è¯·è¾“å…¥æ¶ˆæ¯å†…å®¹</span><span style=\"color: inherit;\">è¯·è¾“å…¥æ¶ˆæ¯å†…å®¹</span><span style=\"color: inherit;\">è¯·è¾“å…¥æ¶ˆæ¯å†…å®¹</span><span style=\"color: inherit;\">è¯·è¾“å…¥æ¶ˆæ¯å†…å®¹</span><span style=\"color: inherit;\">è¯·è¾“å…¥æ¶ˆæ¯å†…å®¹</span><span style=\"color: inherit;\">è¯·è¾“å…¥æ¶ˆæ¯å†…å®¹</span><span style=\"color: inherit;\">è¯·è¾“å…¥æ¶ˆæ¯å†…å®¹</span><span style=\"color: inherit;\">è¯·è¾“å…¥æ¶ˆæ¯å†…å®¹</span><span style=\"color: inherit;\">è¯·è¾“å…¥æ¶ˆæ¯å†…å®¹</span><span style=\"color: inherit;\">è¯·è¾“å…¥æ¶ˆæ¯å†…å®¹</span><span style=\"color: inherit;\">è¯·è¾“å…¥æ¶ˆæ¯å†…å®¹</span></p>\n									','1'),('ff8080815b9831ae015b98d151a3000d','testes','2017-04-23 11:18:26','402882355a5e4b28015a5e4b2d9f0000','\n										<h2>è¯·è¾“å…¥æ¶ˆæ¯å†…å®¹</h2>\n										<p>è¯·è¾“å…¥æ¶ˆæ¯å†…å®¹<span style=\"color: inherit;\">è¯·è¾“å…¥æ¶ˆæ¯å†…å®¹</span><span style=\"color: inherit;\">è¯·è¾“å…¥æ¶ˆæ¯å†…å®¹</span><span style=\"color: inherit;\">è¯·è¾“å…¥æ¶ˆæ¯å†…å®¹</span><span style=\"color: inherit;\">è¯·è¾“å…¥æ¶ˆæ¯å†…å®¹</span><span style=\"color: inherit;\">è¯·è¾“å…¥æ¶ˆæ¯å†…å®¹</span><span style=\"color: inherit;\">è¯·è¾“å…¥æ¶ˆæ¯å†…å®¹</span><span style=\"color: inherit;\">è¯·è¾“å…¥æ¶ˆæ¯å†…å®¹</span><span style=\"color: inherit;\">è¯·è¾“å…¥æ¶ˆæ¯å†…å®¹</span></p>\n									','1');

/*Table structure for table `orderdetail` */

DROP TABLE IF EXISTS `orderdetail`;

CREATE TABLE `orderdetail` (
  `odid` varchar(32) NOT NULL,
  `oid` varchar(32) DEFAULT NULL,
  `pid` varchar(32) DEFAULT NULL,
  `number` int(11) DEFAULT NULL,
  PRIMARY KEY (`odid`),
  KEY `FK_orderdetail_orders` (`oid`),
  KEY `FK_orderdetail_product` (`pid`),
  CONSTRAINT `FK_orderdetail_orders` FOREIGN KEY (`oid`) REFERENCES `orders` (`oid`) ON DELETE NO ACTION ON UPDATE NO ACTION,
  CONSTRAINT `FK_orderdetail_product` FOREIGN KEY (`pid`) REFERENCES `product` (`pid`) ON DELETE NO ACTION ON UPDATE NO ACTION
) ENGINE=InnoDB DEFAULT CHARSET=utf8;

/*Data for the table `orderdetail` */

insert  into `orderdetail`(`odid`,`oid`,`pid`,`number`) values ('2c948a875b95f03f015b95f515e70003','2c948a875b95f03f015b95f515e50002','402881ec5b52006a015b5207c9000000',1),('2c948a875b95f03f015b95f515e80004','2c948a875b95f03f015b95f515e50002','2c90b5a75b3d5bd2015b3d6e2b020005',1),('2c948a875b95f03f015b95f5884c0006','2c948a875b95f03f015b95f5884b0005','402881ec5b52006a015b5207c9000000',2),('2c948a875b962254015b965d2d530001','2c948a875b962254015b965d2d250000','2c90b5a75b3d5bd2015b3d6aa9680002',12),('2c948a875b962254015b965ded270003','2c948a875b962254015b965ded240002','2c90b5a75b3d5bd2015b3d5ca16a0000',12),('2c948a875b962254015b965f7f080005','2c948a875b962254015b965f7f050004','2c90b5a75b3d5bd2015b3d5ca16a0000',2),('2c9ba38e5b96db5b015b96e328500005','2c9ba38e5b96db5b015b96e328350004','2c90b5a75b3d5bd2015b3d6e2b020005',1),('2c9ba38e5b96db5b015b96e328550006','2c9ba38e5b96db5b015b96e328350004','2c90b5a75b3bd87a015b3bd886ef0001',22222),('ff8080815b8ae6fb015b8ae921860001','ff8080815b8ae6fb015b8ae921740000','402881ec5b52006a015b5207c9000000',23),('ff8080815b8ae6fb015b8ae921870002','ff8080815b8ae6fb015b8ae921740000','2c90b5a75b3d5bd2015b3d6c33d30003',1),('ff8080815b8ae6fb015b8ae921880003','ff8080815b8ae6fb015b8ae921740000','2c90b5a75b3d5bd2015b3d6e2b020005',1),('ff8080815b8ae6fb015b8ae921880004','ff8080815b8ae6fb015b8ae921740000','2c90b5a75b4644a5015b464658ce0000',1),('ff8080815b9831ae015b9839dcd70003','ff8080815b9831ae015b9839dc9f0002','2c90b5a75b42760a015b4277fa950000',2),('ff8080815b9831ae015b9839dcf90004','ff8080815b9831ae015b9839dc9f0002','2c90b5a75b4287e3015b428d7dd50000',1),('ff8080815b9831ae015b98d048fb000b','ff8080815b9831ae015b98d048f7000a','ff8080815b9831ae015b98b3f5690007',1),('ff8080815b9831ae015b98d048fd000c','ff8080815b9831ae015b98d048f7000a','2c90b5a75b3d5bd2015b3d5ca16a0000',2);

/*Table structure for table `orders` */

DROP TABLE IF EXISTS `orders`;

CREATE TABLE `orders` (
  `oid` varchar(32) NOT NULL,
  `admin` varchar(50) DEFAULT NULL COMMENT 'æ“ä½œäºº',
  `customername` varchar(10) DEFAULT NULL COMMENT 'å®¢æˆ·åå­—',
  `customeraddress` varchar(50) DEFAULT NULL COMMENT 'å®¢æˆ·åœ°å€',
  `customerphone` varchar(20) DEFAULT NULL COMMENT 'å®¢æˆ·ç”µè¯',
  `createtime` datetime DEFAULT NULL COMMENT 'åˆ›å»ºæ—¶é—´',
  `note` varchar(100) DEFAULT NULL COMMENT 'å¤‡æ³¨',
  `state` varchar(2) DEFAULT NULL COMMENT 'çŠ¶æ€',
  PRIMARY KEY (`oid`),
  KEY `FK_orders_admin` (`admin`),
  CONSTRAINT `FK_orders_admin` FOREIGN KEY (`admin`) REFERENCES `sys_admin` (`id`) ON DELETE NO ACTION ON UPDATE NO ACTION
) ENGINE=InnoDB DEFAULT CHARSET=utf8;

/*Data for the table `orders` */

insert  into `orders`(`oid`,`admin`,`customername`,`customeraddress`,`customerphone`,`createtime`,`note`,`state`) values ('2c90b5a75b5c510a015b5c52fdcd0000','402882355a5e4b28015a5e4b2d9f0000','test','testtest','13131313131','2017-04-11 17:23:14','testtest','0'),('2c948a875b95f03f015b95f515e50002','402882355a5e4b28015a5e4b2d9f0000','å“ˆå“ˆå•Š','å“ˆå“ˆå•Šå“ˆå“ˆå•Š','13131313131','2017-04-22 21:58:38','çš„æ’’æ‰“ç®—','1'),('2c948a875b95f03f015b95f5884b0005','402882355a5e4b28015a5e4b2d9f0000','test','test','13131333333','2017-04-22 21:59:08','1323123','1'),('2c948a875b962254015b965d2d250000','402882355a5e4b28015a5e4b2d9f0000','asdfsadf','safsadfsad','13111111111','2017-04-22 23:52:20','sdfsdafsadf','1'),('2c948a875b962254015b965ded240002','402882355a5e4b28015a5e4b2d9f0000','fsfdafsda','sdfsfda','13131313131','2017-04-22 23:53:09','asddadas','2'),('2c948a875b962254015b965f7f050004','402882355a5e4b28015a5e4b2d9f0000','asdfsdaf','sfafsda','13131111111','2017-04-22 23:54:52','dasdas','1'),('2c9ba38e5b96db5b015b96e328350004','402882355a5e4b28015a5e4b2d9f0000','testtest','testetets','13131313113','2017-04-23 02:18:41','dsfdsf','1'),('ff8080815b8ae6fb015b8ae921740000','402882355a5e4b28015a5e4b2d9f0000','è‚Œè‚‰è±ª','ä¸é¦™C611','13131313131','2017-04-20 18:29:45','è‚Œè‚‰è±ªè‚Œè‚‰è±ª','1'),('ff8080815b9831ae015b9839dc9f0002','402882355a5e4b28015a5e4b2d9f0000','lulu','lululu','13111111111','2017-04-23 08:33:00','lululululu','1'),('ff8080815b9831ae015b98d048f7000a','402882355a5e4b28015a5e4b2d9f0000','aå…ˆç”Ÿ','fsaffsad','13131111111','2017-04-23 11:17:18','fdsafdsa','2');

/*Table structure for table `performance` */

DROP TABLE IF EXISTS `performance`;

CREATE TABLE `performance` (
  `id` varchar(32) NOT NULL,
  `admin` varchar(32) DEFAULT NULL,
  `monthbase` float DEFAULT NULL,
  `monthwork` float DEFAULT NULL,
  `punishment` float DEFAULT NULL,
  `notetime` varchar(20) DEFAULT NULL,
  PRIMARY KEY (`id`),
  KEY `FK_performance_admin` (`admin`),
  CONSTRAINT `FK_performance_admin` FOREIGN KEY (`admin`) REFERENCES `sys_admin` (`id`) ON DELETE NO ACTION ON UPDATE NO ACTION
) ENGINE=InnoDB DEFAULT CHARSET=utf8;

/*Data for the table `performance` */

/*Table structure for table `product` */

DROP TABLE IF EXISTS `product`;

CREATE TABLE `product` (
  `pid` varchar(32) NOT NULL,
  `pcategory` varchar(32) DEFAULT NULL COMMENT 'äº§å“ç±»åˆ«',
  `pname` varchar(20) DEFAULT NULL COMMENT 'äº§å“åå­—',
  `price` double DEFAULT '0',
  `punit` varchar(5) DEFAULT NULL COMMENT 'äº§å“å•ä½',
  `origin` varchar(20) DEFAULT NULL COMMENT 'äº§å“äº§åœ°',
  `inventory` int(11) DEFAULT '0' COMMENT 'å­˜è´§æ•°',
  `pimg` varchar(150) DEFAULT NULL,
  `createtime` datetime DEFAULT NULL,
  `state` varchar(2) DEFAULT '1',
  PRIMARY KEY (`pid`),
  KEY `FK_product_category` (`pcategory`),
  CONSTRAINT `FK_product_category` FOREIGN KEY (`pcategory`) REFERENCES `category` (`id`) ON DELETE NO ACTION ON UPDATE NO ACTION
) ENGINE=InnoDB DEFAULT CHARSET=utf8;

/*Data for the table `product` */

insert  into `product`(`pid`,`pcategory`,`pname`,`price`,`punit`,`origin`,`inventory`,`pimg`,`createtime`,`state`) values ('2c90b5a75b3bd87a015b3bd886060000','402881e95b37e724015b37e739a4000a','test1',22,'åƒå…‹','å¹¿ä¸œçœå¹¿å·2',302,'../upload/20170407160800.jpg','2017-04-05 10:01:37','1'),('2c90b5a75b3bd87a015b3bd886ef0001','402881e95b37e724015b37e73a270010','æ‹–æ‹‰æœºé¸¡é¸¡',233,'2332','323232',32323,'../upload/20170409172645.jpg','2017-04-05 10:01:37','1'),('2c90b5a75b3bd87a015b3bd886fe0002','402881e95b37e724015b37e737f40000','test3',4,'åƒå…‹','å¹¿ä¸œçœå¹¿å·',10,'../upload/20170409172707.jpg','2017-04-05 10:01:37','1'),('2c90b5a75b3bd87a015b3bd887100003','402881e95b37e724015b37e737f40000','test4',6,'é¡¿','å¹¿ä¸œçœå¹¿å·',23,'../upload/20170407103747.jpg','2017-04-05 10:01:37','1'),('2c90b5a75b3bd87a015b3bd887200004','402881e95b37e724015b37e739f4000e','test5',5,'å…‹','å¹¿ä¸œçœå¹¿å·',54,'../upload/20170407103747.jpg','2017-04-05 10:01:37','1'),('2c90b5a75b3d5bd2015b3d5ca16a0000','402881e95b37e724015b37e737f40000','æ°´äº§å“test',2.22,'åƒå…‹','ABCDEF',222,'../upload/20170407103747.jpg','2017-04-05 17:05:32','1'),('2c90b5a75b3d5bd2015b3d6995370001','402881e95b37e724015b37e739020003','è¿™æ˜¯ä¸€æ£µæ ‘',998,'æ£µ','ABCDEFG',222,'../upload/20170407103747.jpg','2017-04-05 17:19:41','1'),('2c90b5a75b3d5bd2015b3d6aa9680002','402881e95b37e724015b37e739490006','è¿™æ˜¯ä¸€ç²’è°·',0.01,'ç²’','QWERDF',121,'../upload/20170407103747.jpg','2017-04-05 17:20:52','1'),('2c90b5a75b3d5bd2015b3d6c33d30003','402881e95b37e724015b37e73a580012','è¿™æ˜¯ä¸€é¢—ç³–',9.62,'è¢‹','ç³–ç³–ç³–ç³–ç³–',22,'../upload/20170407103747.jpg','2017-04-05 17:22:33','1'),('2c90b5a75b3d5bd2015b3d6d69e20004','402881e95b37e724015b37e7398f0009','è¿™æ˜¯ä¸€åªç«é¸¡',250,'åª','å°±åœ¨ç«é¸¡å²›',21,'../upload/20170407103747.jpg','2017-04-05 17:23:52','1'),('2c90b5a75b3d5bd2015b3d6e2b020005','402881e95b37e724015b37e73a3e0011','è¿™æ˜¯ä¸€åªç‰¹ç§é¸¡',666,'åª','opoppo',16,'../upload/20170407103747.jpg','2017-04-05 17:24:41','1'),('2c90b5a75b42760a015b4277fa950000','402881e95b37e5ca015b37e5e80f0000','è¿™æ˜¯ä¸€ç‰‡èŒ¶å¶',1,'ç‰‡','å¹¿ä¸œçœéŸ¶å…³å¸‚',22,'../upload/20170407103747.jpg','2017-04-06 16:53:30','1'),('2c90b5a75b4287e3015b428d7dd50000','402881e95b37e724015b37e739f4000e','è¿™æ˜¯ä¸€ä¸ªè›‹è›‹',20000,'é¡¿','æ¥è‡ªå¤æ´»èŠ‚å²›',22,'../upload/20170407103747.jpg','2017-04-06 17:17:00','1'),('2c90b5a75b4287e3015b428e51510001','402881e95b37e724015b37e73a0f000f','dfé£æ´’æ˜¯å¦',22,'å‘','å¨é”‹ç½‘è€Œé',223,'../upload/20170407162751.jpg','2017-04-06 17:17:54','1'),('2c90b5a75b429dcf015b42a3b6710001','402881e95b37e724015b37e737f40000','testimg',23,'test','åœ¨å±±çš„é‚£è¾¹,æµ·çš„é‚£è¾¹',243,'../upload/2c90b5a75b429dcf015b42a3b6710001.jpg','2017-04-06 17:41:17','1'),('2c90b5a75b4644a5015b464658ce0000','402881e95b37e724015b37e739f4000e','è¿™æ˜¯ä¸€æ¡¶å¥¶',233,'æ¡¶','è‰åœ°ä¸Šçš„æŸåªç‰›',233,'../upload/20170407103747.jpg','2017-04-07 10:37:47','1'),('2c90b5a75b465235015b4654ff380000','402881e95b37e724015b37e739020003','å‘æ’’æ—¦å‘å°„',22,'æ£µ','å“ˆå“ˆå“ˆå“ˆå“ˆ',44,'../upload/20170407105347.jpg','2017-04-07 10:53:47','1'),('2c90b5a75b477366015b478e07190000','402881e95b37e724015b37e739020003','æ”¶å¤å¤±åœ°',332,'å—','323232',323,'../upload/20170407163535.jpg','2017-04-07 16:35:41','1'),('2c9ba38e5b96db5b015b96decbc60000','402881e95b37e724015b37e737f40000','aaaa',121,'a','dsdsdsad',222,'../upload/20170423021355.jpg','2017-04-23 02:13:55','1'),('2c9ba38e5b96db5b015b96dfca560001','402881e95b37e724015b37e737f40000','adsad',222,'323','21323',1233,'../upload/20170423021500.jpg','2017-04-23 02:15:00','1'),('402881ec5b52006a015b5207c9000000','402881e95b37e724015b37e739df000d','è¿™æ˜¯è”¬èœ',22,'æ£µ','å“ˆå“ˆå“ˆå“ˆå“ˆ',33,'../upload/20170409172453.jpg','2017-04-09 17:24:53','1'),('ff8080815b9831ae015b98b3f5690007','402881e95b37e724015b37e737f40000','è¿™æ˜¯ä¸€åªç« é±¼',22,'åª','testtest',333,'../upload/20170423104622.jpg','2017-04-23 10:46:22','1'),('ff8080815b9831ae015b98cf29f70009','ff8080815b9831ae015b98ce2ffa0008','test',12,'ä¸ª','aaaaa',322,'../upload/20170423111605.jpg','2017-04-23 11:16:05','1');

/*Table structure for table `sys_admin` */

DROP TABLE IF EXISTS `sys_admin`;

CREATE TABLE `sys_admin` (
  `id` varchar(32) NOT NULL COMMENT 'Î¨Ò»id±êÊ¶',
  `loginname` varchar(50) DEFAULT NULL,
  `password` varchar(50) DEFAULT NULL,
  `phone` varchar(50) DEFAULT NULL,
  `email` varchar(50) DEFAULT NULL,
  `createtime` datetime DEFAULT NULL,
  `roletype` varchar(10) DEFAULT NULL,
  `state` varchar(2) DEFAULT NULL COMMENT '×´Ì¬',
  PRIMARY KEY (`id`)
) ENGINE=InnoDB DEFAULT CHARSET=utf8;

/*Data for the table `sys_admin` */

insert  into `sys_admin`(`id`,`loginname`,`password`,`phone`,`email`,`createtime`,`roletype`,`state`) values ('2c90b5a75acb6543015acb66d08e0000','hahaha','123456','12345678900','fda@sina.com','2017-03-14 13:59:57','3','1'),('2c9ba38e5b96cb77015b96ce29570000','testtt','aaaaaa','13311131111','aaaaaaa@qq.com','2017-04-23 01:55:45','','1'),('402882355a5e4b28015a5e4b2d9f0000','admin','123456','13726593028','a@qq.com','2017-02-21 09:31:09','1','1'),('402882355a5e5f39015a5e5f3dac0000','test0','123456','12345678910','0@qq.com','2017-02-21 09:53:04','2','1'),('402882355a5e5f39015a5e5f3e360001','test1','123456','12345678910','1@qq.com','2017-02-21 09:53:04','2','1'),('402882355a5e5f39015a5e5f3e7e0002','test2','123456','12345678910','2@qq.com','2017-02-21 09:53:04','2','1'),('402882355a5e5f39015a5e5f3eb00003','test3','123456','12345678910','3@qq.com','2017-02-21 09:53:04','2','1'),('402882355a5e5f39015a5e5f3ec30004','test4','123456','12345678910','4@qq.com','2017-02-21 09:53:04','2','1'),('402882355a5e5f39015a5e5f3ed90005','test5','123456','12345678910','test5@qq.com','2017-02-21 09:53:04','2','1'),('402882355a5e5f39015a5e5f3f1b0007','test7','123456','11111111111','test7777777777@qq.com','2017-02-21 09:53:04','2','1'),('402882355a5e5f39015a5e5f3f5b0008','test8','123456','12345678910','8@qq.com','2017-02-21 09:53:04','2','1'),('402882355a5e5f39015a5e5f3f840009','test9','123456','12345678910','9@qq.com','2017-02-21 09:53:04','2','1'),('402882355a5e5f39015a5e5f3fa2000a','test10','123456','12345678910','10@qq.com','2017-02-21 09:53:04','2','1'),('402882355a5e5f39015a5e5f3fc0000b','test11','123456','12345678910','11@qq.com','2017-02-21 09:53:04','2','1'),('402882355a5e5f39015a5e5f3fe5000c','test12','123456','12345678910','12@qq.com','2017-02-21 09:53:04','2','1'),('402882355a5e5f39015a5e5f4001000d','test13','123456','12345678910','13@qq.com','2017-02-21 09:53:05','2','1'),('402882355a5e5f39015a5e5f402f000e','test14','123456','12345678910','14@qq.com','2017-02-21 09:53:05','2','1'),('402882355a5e5f39015a5e5f4056000f','test15','123456','12345678910','15@qq.com','2017-02-21 09:53:05','2','1'),('402882355a5e5f39015a5e5f407f0010','test16','123456','12345678910','16@qq.com','2017-02-21 09:53:05','2','1'),('402882355a5e5f39015a5e5f409b0011','test17','123456','12345678910','17@qq.com','2017-02-21 09:53:05','2','1'),('402882355a5e5f39015a5e5f40ae0012','test18','123456','12345678910','18@qq.com','2017-02-21 09:53:05','2','1'),('402882355a5e5f39015a5e5f40ff0013','test19','123456','12345678910','19@qq.com','2017-02-21 09:53:05','2','1'),('402882355a5e5f39015a5e5f41230014','test20','123456','12345678910','20@qq.com','2017-02-21 09:53:05','2','1'),('402882355a5e5f39015a5e5f413d0015','test21','123456','12345678910','21@qq.com','2017-02-21 09:53:05','2','1'),('402882355a5e5f39015a5e5f415c0016','test22','123456','12345678910','22@qq.com','2017-02-21 09:53:05','2','1'),('402882355a5e5f39015a5e5f418e0017','test23','123456','12345678910','23@qq.com','2017-02-21 09:53:05','2','1'),('402882355a5e5f39015a5e5f41ab0018','test24','123456','12345678910','24@qq.com','2017-02-21 09:53:05','2','1'),('402882355a5e5f39015a5e5f41c80019','test25','123456','12345678910','25@qq.com','2017-02-21 09:53:05','2','1'),('402882355a5e5f39015a5e5f41e4001a','test26','123456','12345678910','26@qq.com','2017-02-21 09:53:05','2','1'),('402882355a5e5f39015a5e5f4202001b','test27','123456','12345678910','27@qq.com','2017-02-21 09:53:05','2','1'),('402882355a5e5f39015a5e5f4229001c','test28','123456','12345678910','28@qq.com','2017-02-21 09:53:05','2','1'),('402882355a5e5f39015a5e5f4246001d','test29','123456','12345678910','29@qq.com','2017-02-21 09:53:05','2','1'),('402882355a82cb64015a82cce6e80000','aaaaa','123456','12345678910','aaaaaaaa@qq.com','2017-02-28 11:39:10','2','1'),('402882355a835941015a835b2c870000','aaaaaa','123456','13245678912','asdasd@qweq.com','2017-02-28 14:14:34','2','1'),('402882355a835941015a835f835a0001','asdffas','123456789','12345678911','asdasd@qq.com','2017-02-28 14:19:19','2','1'),('402882355a835941015a835feb9f0002','tstte','123456','12345678911','dasdwq!@sdaf.com','2017-02-28 14:19:45','2','1'),('ff8080815b9831ae015b9836cc8d0000','lulu123','123456','13111111111','lulu@qq.com','2017-04-23 08:29:39','','1'),('ff8080815b9831ae015b98386be30001','lulu123456','123456','13311131113','qwer@qq.com','2017-04-23 08:31:26','','1');

/*Table structure for table `sys_loginlog` */

DROP TABLE IF EXISTS `sys_loginlog`;

CREATE TABLE `sys_loginlog` (
  `id` varchar(32) NOT NULL,
  `ip` varchar(50) DEFAULT NULL,
  `loginname` varchar(50) DEFAULT NULL,
  `logintime` datetime DEFAULT NULL,
  PRIMARY KEY (`id`)
) ENGINE=InnoDB DEFAULT CHARSET=utf8;

/*Data for the table `sys_loginlog` */

/*Table structure for table `sys_role` */

DROP TABLE IF EXISTS `sys_role`;

CREATE TABLE `sys_role` (
  `id` varchar(32) NOT NULL,
  `roletype` varchar(2) DEFAULT NULL,
  `rolename` varchar(50) DEFAULT NULL,
  PRIMARY KEY (`id`)
) ENGINE=InnoDB DEFAULT CHARSET=utf8;

/*Data for the table `sys_role` */

insert  into `sys_role`(`id`,`roletype`,`rolename`) values ('2adf90200dfa11e7867028cfe95897da','1','ç®¡ç†å‘˜'),('402882355a5e54ea015a5e54f03b0000','2','äº§å“å‘˜å·¥'),('402882355a5e54ea015a5e54f1470001','3','äººäº‹å‘˜å·¥');

/*!40101 SET SQL_MODE=@OLD_SQL_MODE */;
/*!40014 SET FOREIGN_KEY_CHECKS=@OLD_FOREIGN_KEY_CHECKS */;
/*!40014 SET UNIQUE_CHECKS=@OLD_UNIQUE_CHECKS */;
/*!40111 SET SQL_NOTES=@OLD_SQL_NOTES */;
