/*
SQLyog Ultimate v11.33 (64 bit)
MySQL - 5.6.19 : Database - ofarm
*********************************************************************
*/

/*!40101 SET NAMES utf8 */;

/*!40101 SET SQL_MODE=''*/;

/*!40014 SET @OLD_UNIQUE_CHECKS=@@UNIQUE_CHECKS, UNIQUE_CHECKS=0 */;
/*!40014 SET @OLD_FOREIGN_KEY_CHECKS=@@FOREIGN_KEY_CHECKS, FOREIGN_KEY_CHECKS=0 */;
/*!40101 SET @OLD_SQL_MODE=@@SQL_MODE, SQL_MODE='NO_AUTO_VALUE_ON_ZERO' */;
/*!40111 SET @OLD_SQL_NOTES=@@SQL_NOTES, SQL_NOTES=0 */;
CREATE DATABASE /*!32312 IF NOT EXISTS*/`ofarm` /*!40100 DEFAULT CHARACTER SET utf8 */;

USE `ofarm`;

/*Table structure for table `category` */

DROP TABLE IF EXISTS `category`;

CREATE TABLE `category` (
  `id` varchar(32) NOT NULL,
  `cid` varchar(32) DEFAULT NULL,
  `cname` varchar(40) DEFAULT NULL,
  `parentid` varchar(40) DEFAULT NULL,
  `state` varchar(2) DEFAULT NULL,
  `isParent` varchar(10) DEFAULT 'false',
  PRIMARY KEY (`id`)
) ENGINE=InnoDB DEFAULT CHARSET=utf8;

/*Data for the table `category` */

insert  into `category`(`id`,`cid`,`cname`,`parentid`,`state`,`isParent`) values ('0602f9c8055711e794f328cfe95897da','0602f9e8055711e794f328cfe95897da','酒茶冲饮','ae3fe6b3055411e794f328cfe95897da','0','false'),('06298c0b055611e794f328cfe95897da','06298c30055611e794f328cfe95897da','水果','8d47ae65055411e794f328cfe95897da','0','false'),('14f4745a055711e794f328cfe95897da','14f47472055711e794f328cfe95897da','肉类水产加工','ae3fe6b3055411e794f328cfe95897da','0','false'),('16cd621e055611e794f328cfe95897da','16cd624f055611e794f328cfe95897da','蔬菜','8d47ae65055411e794f328cfe95897da','0','false'),('2c90b5a75b042c27015b042c3aa70000','saaas','test','0','0','false'),('2c90b5a75b045ac7015b045c1b410000','saaas','test','0','0','false'),('2c90b5a75b045ac7015b045c1b660001','8d47ae65055411e794f328cfe95897da','水果蔬菜','0','0','true'),('2c90b5a75b045ac7015b045c1b6c0002','06298c30055611e794f328cfe95897da','水果','8d47ae65055411e794f328cfe95897da','0','false'),('2c90b5a75b045ac7015b045c1b730003','16cd624f055611e794f328cfe95897da','蔬菜','8d47ae65055411e794f328cfe95897da','0','false'),('2c90b5a75b045ac7015b045c1b790004','9bd015ec055411e794f328cfe95897da','畜牧水产','0','0','true'),('2c90b5a75b045ac7015b045c1b7e0005','7711eefd055611e794f328cfe95897da','特种类','9bd015ec055411e794f328cfe95897da','0','false'),('2c90b5a75b045ac7015b045c1b850006','8a1fad9e055611e794f328cfe95897da','禽畜类','9bd015ec055411e794f328cfe95897da','0','false'),('2c90b5a75b045ac7015b045c1b8c0007','9338f793055611e794f328cfe95897da','水产类','9bd015ec055411e794f328cfe95897da','0','false'),('2c90b5a75b045ac7015b045c1b920008','a835683a055611e794f328cfe95897da','繁育种苗','9bd015ec055411e794f328cfe95897da','0','false'),('2c90b5a75b045ac7015b045c1b970009','a2e96c3f055411e794f328cfe95897da','粮油米面','0','0','true'),('2c90b5a75b045ac7015b045c1b9c000a','cfe2e067055611e794f328cfe95897da','五谷杂粮','a2e96c3f055411e794f328cfe95897da','0','false'),('2c90b5a75b045ac7015b045c1ba2000b','d6d645cd055611e794f328cfe95897da','食用油','a2e96c3f055411e794f328cfe95897da','0','false'),('2c90b5a75b045ac7015b045c1ba9000c','e20458e4055611e794f328cfe95897da','调味品','a2e96c3f055411e794f328cfe95897da','0','false'),('2c90b5a75b045ac7015b045c1baf000d','ae3fe6b3055411e794f328cfe95897da','农副加工','0','0','true'),('2c90b5a75b045ac7015b045c1bb6000e','0602f9e8055711e794f328cfe95897da','酒茶冲饮','ae3fe6b3055411e794f328cfe95897da','0','false'),('2c90b5a75b045ac7015b045c1bbd000f','14f47472055711e794f328cfe95897da','肉类水产加工','ae3fe6b3055411e794f328cfe95897da','0','false'),('2c90b5a75b045ac7015b045c1bc20010','2d4d44ef055711e794f328cfe95897da','蔬果加工','ae3fe6b3055411e794f328cfe95897da','0','false'),('2c90b5a75b045ac7015b045c1bc80011','34382d56055711e794f328cfe95897da','肉蛋奶','ae3fe6b3055411e794f328cfe95897da','0','false'),('2c90b5a75b045ac7015b045c1bce0012','cb6a5d51055411e794f328cfe95897da','农资农机','0','0','true'),('2c90b5a75b045ac7015b045c1bd40013','4fce9cd3055711e794f328cfe95897da','农资','cb6a5d51055411e794f328cfe95897da','0','false'),('2c90b5a75b045ac7015b045c1bda0014','56d0786b055711e794f328cfe95897da','农机','cb6a5d51055411e794f328cfe95897da','0','false'),('2c90b5a75b045ac7015b045ccdb20015','saaas','test','0','0','false'),('2c90b5a75b045ac7015b045ccdb70016','8d47ae65055411e794f328cfe95897da','水果蔬菜','0','0','true'),('2c90b5a75b045ac7015b045ccdbd0017','06298c30055611e794f328cfe95897da','水果','8d47ae65055411e794f328cfe95897da','0','false'),('2c90b5a75b045ac7015b045ccdc20018','16cd624f055611e794f328cfe95897da','蔬菜','8d47ae65055411e794f328cfe95897da','0','false'),('2c90b5a75b045ac7015b045ccdc80019','9bd015ec055411e794f328cfe95897da','畜牧水产','0','0','true'),('2c90b5a75b045ac7015b045ccdcc001a','7711eefd055611e794f328cfe95897da','特种类','9bd015ec055411e794f328cfe95897da','0','false'),('2c90b5a75b045ac7015b045ccdd1001b','8a1fad9e055611e794f328cfe95897da','禽畜类','9bd015ec055411e794f328cfe95897da','0','false'),('2c90b5a75b045ac7015b045ccdd7001c','9338f793055611e794f328cfe95897da','水产类','9bd015ec055411e794f328cfe95897da','0','false'),('2c90b5a75b045ac7015b045ccddc001d','a835683a055611e794f328cfe95897da','繁育种苗','9bd015ec055411e794f328cfe95897da','0','false'),('2c90b5a75b045ac7015b045ccde0001e','a2e96c3f055411e794f328cfe95897da','粮油米面','0','0','true'),('2c90b5a75b045ac7015b045ccde6001f','cfe2e067055611e794f328cfe95897da','五谷杂粮','a2e96c3f055411e794f328cfe95897da','0','false'),('2c90b5a75b045ac7015b045ccdec0020','d6d645cd055611e794f328cfe95897da','食用油','a2e96c3f055411e794f328cfe95897da','0','false'),('2c90b5a75b045ac7015b045ccdf00021','e20458e4055611e794f328cfe95897da','调味品','a2e96c3f055411e794f328cfe95897da','0','false'),('2c90b5a75b045ac7015b045ccdf80022','ae3fe6b3055411e794f328cfe95897da','农副加工','0','0','true'),('2c90b5a75b045ac7015b045ccdfc0023','0602f9e8055711e794f328cfe95897da','酒茶冲饮','ae3fe6b3055411e794f328cfe95897da','0','false'),('2c90b5a75b045ac7015b045cce000024','14f47472055711e794f328cfe95897da','肉类水产加工','ae3fe6b3055411e794f328cfe95897da','0','false'),('2c90b5a75b045ac7015b045cce0b0025','2d4d44ef055711e794f328cfe95897da','蔬果加工','ae3fe6b3055411e794f328cfe95897da','0','false'),('2c90b5a75b045ac7015b045cce140026','34382d56055711e794f328cfe95897da','肉蛋奶','ae3fe6b3055411e794f328cfe95897da','0','false'),('2c90b5a75b045ac7015b045cce1c0027','cb6a5d51055411e794f328cfe95897da','农资农机','0','0','true'),('2c90b5a75b045ac7015b045cce230028','4fce9cd3055711e794f328cfe95897da','农资','cb6a5d51055411e794f328cfe95897da','0','false'),('2c90b5a75b045ac7015b045cce340029','56d0786b055711e794f328cfe95897da','农机','cb6a5d51055411e794f328cfe95897da','0','false'),('2c90b5a75b045ac7015b045d171f002a','saaas','test','0','0','false'),('2c90b5a75b045ac7015b045d1725002b','8d47ae65055411e794f328cfe95897da','水果蔬菜','0','0','true'),('2c90b5a75b045ac7015b045d172a002c','06298c30055611e794f328cfe95897da','水果','8d47ae65055411e794f328cfe95897da','0','false'),('2c90b5a75b045ac7015b045d172f002d','16cd624f055611e794f328cfe95897da','蔬菜','8d47ae65055411e794f328cfe95897da','0','false'),('2c90b5a75b045ac7015b045d1735002e','9bd015ec055411e794f328cfe95897da','畜牧水产','0','0','true'),('2c90b5a75b045ac7015b045d173a002f','7711eefd055611e794f328cfe95897da','特种类','9bd015ec055411e794f328cfe95897da','0','false'),('2c90b5a75b045ac7015b045d173e0030','8a1fad9e055611e794f328cfe95897da','禽畜类','9bd015ec055411e794f328cfe95897da','0','false'),('2c90b5a75b045ac7015b045d17430031','9338f793055611e794f328cfe95897da','水产类','9bd015ec055411e794f328cfe95897da','0','false'),('2c90b5a75b045ac7015b045d17490032','a835683a055611e794f328cfe95897da','繁育种苗','9bd015ec055411e794f328cfe95897da','0','false'),('2c90b5a75b045ac7015b045d174d0033','a2e96c3f055411e794f328cfe95897da','粮油米面','0','0','true'),('2c90b5a75b045ac7015b045d17540034','cfe2e067055611e794f328cfe95897da','五谷杂粮','a2e96c3f055411e794f328cfe95897da','0','false'),('2c90b5a75b045ac7015b045d17590035','d6d645cd055611e794f328cfe95897da','食用油','a2e96c3f055411e794f328cfe95897da','0','false'),('2c90b5a75b045ac7015b045d175f0036','e20458e4055611e794f328cfe95897da','调味品','a2e96c3f055411e794f328cfe95897da','0','false'),('2c90b5a75b045ac7015b045d17640037','ae3fe6b3055411e794f328cfe95897da','农副加工','0','0','true'),('2c90b5a75b045ac7015b045d176b0038','0602f9e8055711e794f328cfe95897da','酒茶冲饮','ae3fe6b3055411e794f328cfe95897da','0','false'),('2c90b5a75b045ac7015b045d17710039','14f47472055711e794f328cfe95897da','肉类水产加工','ae3fe6b3055411e794f328cfe95897da','0','false'),('2c90b5a75b045ac7015b045d1778003a','2d4d44ef055711e794f328cfe95897da','蔬果加工','ae3fe6b3055411e794f328cfe95897da','0','false'),('2c90b5a75b045ac7015b045d177e003b','34382d56055711e794f328cfe95897da','肉蛋奶','ae3fe6b3055411e794f328cfe95897da','0','false'),('2c90b5a75b045ac7015b045d1784003c','cb6a5d51055411e794f328cfe95897da','农资农机','0','0','true'),('2c90b5a75b045ac7015b045d178a003d','4fce9cd3055711e794f328cfe95897da','农资','cb6a5d51055411e794f328cfe95897da','0','false'),('2c90b5a75b045ac7015b045d178e003e','56d0786b055711e794f328cfe95897da','农机','cb6a5d51055411e794f328cfe95897da','0','false'),('2c90b5a75b045ac7015b045d9909003f','saaas','test','0','0','false'),('2c90b5a75b045ac7015b045d990d0040','8d47ae65055411e794f328cfe95897da','水果蔬菜','0','0','true'),('2c90b5a75b045ac7015b045d99120041','06298c30055611e794f328cfe95897da','水果','8d47ae65055411e794f328cfe95897da','0','false'),('2c90b5a75b045ac7015b045d99170042','16cd624f055611e794f328cfe95897da','蔬菜','8d47ae65055411e794f328cfe95897da','0','false'),('2c90b5a75b045ac7015b045d991b0043','9bd015ec055411e794f328cfe95897da','畜牧水产','0','0','true'),('2c90b5a75b045ac7015b045d991e0044','7711eefd055611e794f328cfe95897da','特种类','9bd015ec055411e794f328cfe95897da','0','false'),('2c90b5a75b045ac7015b045d99240045','8a1fad9e055611e794f328cfe95897da','禽畜类','9bd015ec055411e794f328cfe95897da','0','false'),('2c90b5a75b045ac7015b045d99290046','9338f793055611e794f328cfe95897da','水产类','9bd015ec055411e794f328cfe95897da','0','false'),('2c90b5a75b045ac7015b045d992d0047','a835683a055611e794f328cfe95897da','繁育种苗','9bd015ec055411e794f328cfe95897da','0','false'),('2c90b5a75b045ac7015b045d99300048','a2e96c3f055411e794f328cfe95897da','粮油米面','0','0','true'),('2c90b5a75b045ac7015b045d99350049','cfe2e067055611e794f328cfe95897da','五谷杂粮','a2e96c3f055411e794f328cfe95897da','0','false'),('2c90b5a75b045ac7015b045d993a004a','d6d645cd055611e794f328cfe95897da','食用油','a2e96c3f055411e794f328cfe95897da','0','false'),('2c90b5a75b045ac7015b045d993e004b','e20458e4055611e794f328cfe95897da','调味品','a2e96c3f055411e794f328cfe95897da','0','false'),('2c90b5a75b045ac7015b045d9942004c','ae3fe6b3055411e794f328cfe95897da','农副加工','0','0','true'),('2c90b5a75b045ac7015b045d994a004d','0602f9e8055711e794f328cfe95897da','酒茶冲饮','ae3fe6b3055411e794f328cfe95897da','0','false'),('2c90b5a75b045ac7015b045d9951004e','14f47472055711e794f328cfe95897da','肉类水产加工','ae3fe6b3055411e794f328cfe95897da','0','false'),('2c90b5a75b045ac7015b045d9958004f','2d4d44ef055711e794f328cfe95897da','蔬果加工','ae3fe6b3055411e794f328cfe95897da','0','false'),('2c90b5a75b045ac7015b045d995e0050','34382d56055711e794f328cfe95897da','肉蛋奶','ae3fe6b3055411e794f328cfe95897da','0','false'),('2c90b5a75b045ac7015b045d99650051','cb6a5d51055411e794f328cfe95897da','农资农机','0','0','true'),('2c90b5a75b045ac7015b045d996b0052','4fce9cd3055711e794f328cfe95897da','农资','cb6a5d51055411e794f328cfe95897da','0','false'),('2c90b5a75b045ac7015b045d996f0053','56d0786b055711e794f328cfe95897da','农机','cb6a5d51055411e794f328cfe95897da','0','false'),('2c90b5a75b045ac7015b045d9f430054','saaas','test','0','0','false'),('2c90b5a75b045ac7015b045d9f490055','8d47ae65055411e794f328cfe95897da','水果蔬菜','0','0','true'),('2c90b5a75b045ac7015b045d9f500056','06298c30055611e794f328cfe95897da','水果','8d47ae65055411e794f328cfe95897da','0','false'),('2c90b5a75b045ac7015b045d9f580057','16cd624f055611e794f328cfe95897da','蔬菜','8d47ae65055411e794f328cfe95897da','0','false'),('2c90b5a75b045ac7015b045d9f5d0058','9bd015ec055411e794f328cfe95897da','畜牧水产','0','0','true'),('2c90b5a75b045ac7015b045d9f720059','7711eefd055611e794f328cfe95897da','特种类','9bd015ec055411e794f328cfe95897da','0','false'),('2c90b5a75b045ac7015b045d9f79005a','8a1fad9e055611e794f328cfe95897da','禽畜类','9bd015ec055411e794f328cfe95897da','0','false'),('2c90b5a75b045ac7015b045d9f7d005b','9338f793055611e794f328cfe95897da','水产类','9bd015ec055411e794f328cfe95897da','0','false'),('2c90b5a75b045ac7015b045d9f83005c','a835683a055611e794f328cfe95897da','繁育种苗','9bd015ec055411e794f328cfe95897da','0','false'),('2c90b5a75b045ac7015b045d9f89005d','a2e96c3f055411e794f328cfe95897da','粮油米面','0','0','true'),('2c90b5a75b045ac7015b045d9f8d005e','cfe2e067055611e794f328cfe95897da','五谷杂粮','a2e96c3f055411e794f328cfe95897da','0','false'),('2c90b5a75b045ac7015b045d9f91005f','d6d645cd055611e794f328cfe95897da','食用油','a2e96c3f055411e794f328cfe95897da','0','false'),('2c90b5a75b045ac7015b045d9f990060','e20458e4055611e794f328cfe95897da','调味品','a2e96c3f055411e794f328cfe95897da','0','false'),('2c90b5a75b045ac7015b045d9f9f0061','ae3fe6b3055411e794f328cfe95897da','农副加工','0','0','true'),('2c90b5a75b045ac7015b045d9fa40062','0602f9e8055711e794f328cfe95897da','酒茶冲饮','ae3fe6b3055411e794f328cfe95897da','0','false'),('2c90b5a75b045ac7015b045d9faa0063','14f47472055711e794f328cfe95897da','肉类水产加工','ae3fe6b3055411e794f328cfe95897da','0','false'),('2c90b5a75b045ac7015b045d9faf0064','2d4d44ef055711e794f328cfe95897da','蔬果加工','ae3fe6b3055411e794f328cfe95897da','0','false'),('2c90b5a75b045ac7015b045d9fb40065','34382d56055711e794f328cfe95897da','肉蛋奶','ae3fe6b3055411e794f328cfe95897da','0','false'),('2c90b5a75b045ac7015b045d9fba0066','cb6a5d51055411e794f328cfe95897da','农资农机','0','0','true'),('2c90b5a75b045ac7015b045d9fbe0067','4fce9cd3055711e794f328cfe95897da','农资','cb6a5d51055411e794f328cfe95897da','0','false'),('2c90b5a75b045ac7015b045d9fc20068','56d0786b055711e794f328cfe95897da','农机','cb6a5d51055411e794f328cfe95897da','0','false'),('2c90b5a75b045ac7015b045da0d80069','saaas','test','0','0','false'),('2c90b5a75b045ac7015b045da0dc006a','8d47ae65055411e794f328cfe95897da','水果蔬菜','0','0','true'),('2c90b5a75b045ac7015b045da0e0006b','06298c30055611e794f328cfe95897da','水果','8d47ae65055411e794f328cfe95897da','0','false'),('2c90b5a75b045ac7015b045da0e6006c','16cd624f055611e794f328cfe95897da','蔬菜','8d47ae65055411e794f328cfe95897da','0','false'),('2c90b5a75b045ac7015b045da0ed006d','9bd015ec055411e794f328cfe95897da','畜牧水产','0','0','true'),('2c90b5a75b045ac7015b045da0f4006e','7711eefd055611e794f328cfe95897da','特种类','9bd015ec055411e794f328cfe95897da','0','false'),('2c90b5a75b045ac7015b045da0fb006f','8a1fad9e055611e794f328cfe95897da','禽畜类','9bd015ec055411e794f328cfe95897da','0','false'),('2c90b5a75b045ac7015b045da1010070','9338f793055611e794f328cfe95897da','水产类','9bd015ec055411e794f328cfe95897da','0','false'),('2c90b5a75b045ac7015b045da1080071','a835683a055611e794f328cfe95897da','繁育种苗','9bd015ec055411e794f328cfe95897da','0','false'),('2c90b5a75b045ac7015b045da10c0072','a2e96c3f055411e794f328cfe95897da','粮油米面','0','0','true'),('2c90b5a75b045ac7015b045da1100073','cfe2e067055611e794f328cfe95897da','五谷杂粮','a2e96c3f055411e794f328cfe95897da','0','false'),('2c90b5a75b045ac7015b045da1150074','d6d645cd055611e794f328cfe95897da','食用油','a2e96c3f055411e794f328cfe95897da','0','false'),('2c90b5a75b045ac7015b045da11b0075','e20458e4055611e794f328cfe95897da','调味品','a2e96c3f055411e794f328cfe95897da','0','false'),('2c90b5a75b045ac7015b045da11f0076','ae3fe6b3055411e794f328cfe95897da','农副加工','0','0','true'),('2c90b5a75b045ac7015b045da1250077','0602f9e8055711e794f328cfe95897da','酒茶冲饮','ae3fe6b3055411e794f328cfe95897da','0','false'),('2c90b5a75b045ac7015b045da12c0078','14f47472055711e794f328cfe95897da','肉类水产加工','ae3fe6b3055411e794f328cfe95897da','0','false'),('2c90b5a75b045ac7015b045da1310079','2d4d44ef055711e794f328cfe95897da','蔬果加工','ae3fe6b3055411e794f328cfe95897da','0','false'),('2c90b5a75b045ac7015b045da139007a','34382d56055711e794f328cfe95897da','肉蛋奶','ae3fe6b3055411e794f328cfe95897da','0','false'),('2c90b5a75b045ac7015b045da13e007b','cb6a5d51055411e794f328cfe95897da','农资农机','0','0','true'),('2c90b5a75b045ac7015b045da142007c','4fce9cd3055711e794f328cfe95897da','农资','cb6a5d51055411e794f328cfe95897da','0','false'),('2c90b5a75b045ac7015b045da149007d','56d0786b055711e794f328cfe95897da','农机','cb6a5d51055411e794f328cfe95897da','0','false'),('2c90b5a75b045ac7015b045da21a007e','saaas','test','0','0','false'),('2c90b5a75b045ac7015b045da220007f','8d47ae65055411e794f328cfe95897da','水果蔬菜','0','0','true'),('2c90b5a75b045ac7015b045da2260080','06298c30055611e794f328cfe95897da','水果','8d47ae65055411e794f328cfe95897da','0','false'),('2c90b5a75b045ac7015b045da22a0081','16cd624f055611e794f328cfe95897da','蔬菜','8d47ae65055411e794f328cfe95897da','0','false'),('2c90b5a75b045ac7015b045da2310082','9bd015ec055411e794f328cfe95897da','畜牧水产','0','0','true'),('2c90b5a75b045ac7015b045da2360083','7711eefd055611e794f328cfe95897da','特种类','9bd015ec055411e794f328cfe95897da','0','false'),('2c90b5a75b045ac7015b045da2390084','8a1fad9e055611e794f328cfe95897da','禽畜类','9bd015ec055411e794f328cfe95897da','0','false'),('2c90b5a75b045ac7015b045da23c0085','9338f793055611e794f328cfe95897da','水产类','9bd015ec055411e794f328cfe95897da','0','false'),('2c90b5a75b045ac7015b045da2490086','a835683a055611e794f328cfe95897da','繁育种苗','9bd015ec055411e794f328cfe95897da','0','false'),('2c90b5a75b045ac7015b045da24f0087','a2e96c3f055411e794f328cfe95897da','粮油米面','0','0','true'),('2c90b5a75b045ac7015b045da2570088','cfe2e067055611e794f328cfe95897da','五谷杂粮','a2e96c3f055411e794f328cfe95897da','0','false'),('2c90b5a75b045ac7015b045da25b0089','d6d645cd055611e794f328cfe95897da','食用油','a2e96c3f055411e794f328cfe95897da','0','false'),('2c90b5a75b045ac7015b045da25f008a','e20458e4055611e794f328cfe95897da','调味品','a2e96c3f055411e794f328cfe95897da','0','false'),('2c90b5a75b045ac7015b045da266008b','ae3fe6b3055411e794f328cfe95897da','农副加工','0','0','true'),('2c90b5a75b045ac7015b045da269008c','0602f9e8055711e794f328cfe95897da','酒茶冲饮','ae3fe6b3055411e794f328cfe95897da','0','false'),('2c90b5a75b045ac7015b045da26d008d','14f47472055711e794f328cfe95897da','肉类水产加工','ae3fe6b3055411e794f328cfe95897da','0','false'),('2c90b5a75b045ac7015b045da273008e','2d4d44ef055711e794f328cfe95897da','蔬果加工','ae3fe6b3055411e794f328cfe95897da','0','false'),('2c90b5a75b045ac7015b045da278008f','34382d56055711e794f328cfe95897da','肉蛋奶','ae3fe6b3055411e794f328cfe95897da','0','false'),('2c90b5a75b045ac7015b045da27b0090','cb6a5d51055411e794f328cfe95897da','农资农机','0','0','true'),('2c90b5a75b045ac7015b045da27e0091','4fce9cd3055711e794f328cfe95897da','农资','cb6a5d51055411e794f328cfe95897da','0','false'),('2c90b5a75b045ac7015b045da2850092','56d0786b055711e794f328cfe95897da','农机','cb6a5d51055411e794f328cfe95897da','0','false'),('2c90b5a75b045ac7015b045da68f0093','saaas','test','0','0','false'),('2c90b5a75b045ac7015b045da6950094','8d47ae65055411e794f328cfe95897da','水果蔬菜','0','0','true'),('2c90b5a75b045ac7015b045da69b0095','06298c30055611e794f328cfe95897da','水果','8d47ae65055411e794f328cfe95897da','0','false'),('2c90b5a75b045ac7015b045da6a20096','16cd624f055611e794f328cfe95897da','蔬菜','8d47ae65055411e794f328cfe95897da','0','false'),('2c90b5a75b045ac7015b045da6c10097','9bd015ec055411e794f328cfe95897da','畜牧水产','0','0','true'),('2c90b5a75b045ac7015b045da6c70098','7711eefd055611e794f328cfe95897da','特种类','9bd015ec055411e794f328cfe95897da','0','false'),('2c90b5a75b045ac7015b045da6cd0099','8a1fad9e055611e794f328cfe95897da','禽畜类','9bd015ec055411e794f328cfe95897da','0','false'),('2c90b5a75b045ac7015b045da6d3009a','9338f793055611e794f328cfe95897da','水产类','9bd015ec055411e794f328cfe95897da','0','false'),('2c90b5a75b045ac7015b045da6e0009b','a835683a055611e794f328cfe95897da','繁育种苗','9bd015ec055411e794f328cfe95897da','0','false'),('2c90b5a75b045ac7015b045da6e9009c','a2e96c3f055411e794f328cfe95897da','粮油米面','0','0','true'),('2c90b5a75b045ac7015b045da6ef009d','cfe2e067055611e794f328cfe95897da','五谷杂粮','a2e96c3f055411e794f328cfe95897da','0','false'),('2c90b5a75b045ac7015b045da6f5009e','d6d645cd055611e794f328cfe95897da','食用油','a2e96c3f055411e794f328cfe95897da','0','false'),('2c90b5a75b045ac7015b045da6fc009f','e20458e4055611e794f328cfe95897da','调味品','a2e96c3f055411e794f328cfe95897da','0','false'),('2c90b5a75b045ac7015b045da70400a0','ae3fe6b3055411e794f328cfe95897da','农副加工','0','0','true'),('2c90b5a75b045ac7015b045da70c00a1','0602f9e8055711e794f328cfe95897da','酒茶冲饮','ae3fe6b3055411e794f328cfe95897da','0','false'),('2c90b5a75b045ac7015b045da71400a2','14f47472055711e794f328cfe95897da','肉类水产加工','ae3fe6b3055411e794f328cfe95897da','0','false'),('2c90b5a75b045ac7015b045da71b00a3','2d4d44ef055711e794f328cfe95897da','蔬果加工','ae3fe6b3055411e794f328cfe95897da','0','false'),('2c90b5a75b045ac7015b045da72600a4','34382d56055711e794f328cfe95897da','肉蛋奶','ae3fe6b3055411e794f328cfe95897da','0','false'),('2c90b5a75b045ac7015b045da72f00a5','cb6a5d51055411e794f328cfe95897da','农资农机','0','0','true'),('2c90b5a75b045ac7015b045da73a00a6','4fce9cd3055711e794f328cfe95897da','农资','cb6a5d51055411e794f328cfe95897da','0','false'),('2c90b5a75b045ac7015b045da74000a7','56d0786b055711e794f328cfe95897da','农机','cb6a5d51055411e794f328cfe95897da','0','false'),('2c90b5a75b045ac7015b045da7f400a8','saaas','test','0','0','false'),('2c90b5a75b045ac7015b045da7fc00a9','8d47ae65055411e794f328cfe95897da','水果蔬菜','0','0','true'),('2c90b5a75b045ac7015b045da80300aa','06298c30055611e794f328cfe95897da','水果','8d47ae65055411e794f328cfe95897da','0','false'),('2c90b5a75b045ac7015b045da80800ab','16cd624f055611e794f328cfe95897da','蔬菜','8d47ae65055411e794f328cfe95897da','0','false'),('2c90b5a75b045ac7015b045da80d00ac','9bd015ec055411e794f328cfe95897da','畜牧水产','0','0','true'),('2c90b5a75b045ac7015b045da81500ad','7711eefd055611e794f328cfe95897da','特种类','9bd015ec055411e794f328cfe95897da','0','false'),('2c90b5a75b045ac7015b045da81b00ae','8a1fad9e055611e794f328cfe95897da','禽畜类','9bd015ec055411e794f328cfe95897da','0','false'),('2c90b5a75b045ac7015b045da82200af','9338f793055611e794f328cfe95897da','水产类','9bd015ec055411e794f328cfe95897da','0','false'),('2c90b5a75b045ac7015b045da82700b0','a835683a055611e794f328cfe95897da','繁育种苗','9bd015ec055411e794f328cfe95897da','0','false'),('2c90b5a75b045ac7015b045da82d00b1','a2e96c3f055411e794f328cfe95897da','粮油米面','0','0','true'),('2c90b5a75b045ac7015b045da83400b2','cfe2e067055611e794f328cfe95897da','五谷杂粮','a2e96c3f055411e794f328cfe95897da','0','false'),('2c90b5a75b045ac7015b045da83800b3','d6d645cd055611e794f328cfe95897da','食用油','a2e96c3f055411e794f328cfe95897da','0','false'),('2c90b5a75b045ac7015b045da83f00b4','e20458e4055611e794f328cfe95897da','调味品','a2e96c3f055411e794f328cfe95897da','0','false'),('2c90b5a75b045ac7015b045da84700b5','ae3fe6b3055411e794f328cfe95897da','农副加工','0','0','true'),('2c90b5a75b045ac7015b045da84f00b6','0602f9e8055711e794f328cfe95897da','酒茶冲饮','ae3fe6b3055411e794f328cfe95897da','0','false'),('2c90b5a75b045ac7015b045da85700b7','14f47472055711e794f328cfe95897da','肉类水产加工','ae3fe6b3055411e794f328cfe95897da','0','false'),('2c90b5a75b045ac7015b045da85d00b8','2d4d44ef055711e794f328cfe95897da','蔬果加工','ae3fe6b3055411e794f328cfe95897da','0','false'),('2c90b5a75b045ac7015b045da86400b9','34382d56055711e794f328cfe95897da','肉蛋奶','ae3fe6b3055411e794f328cfe95897da','0','false'),('2c90b5a75b045ac7015b045da86900ba','cb6a5d51055411e794f328cfe95897da','农资农机','0','0','true'),('2c90b5a75b045ac7015b045da86e00bb','4fce9cd3055711e794f328cfe95897da','农资','cb6a5d51055411e794f328cfe95897da','0','false'),('2c90b5a75b045ac7015b045da87400bc','56d0786b055711e794f328cfe95897da','农机','cb6a5d51055411e794f328cfe95897da','0','false'),('2c90b5a75b045ac7015b045da8ea00bd','saaas','test','0','0','false'),('2c90b5a75b045ac7015b045da8ee00be','8d47ae65055411e794f328cfe95897da','水果蔬菜','0','0','true'),('2c90b5a75b045ac7015b045da8f200bf','06298c30055611e794f328cfe95897da','水果','8d47ae65055411e794f328cfe95897da','0','false'),('2c90b5a75b045ac7015b045da8f900c0','16cd624f055611e794f328cfe95897da','蔬菜','8d47ae65055411e794f328cfe95897da','0','false'),('2c90b5a75b045ac7015b045da8ff00c1','9bd015ec055411e794f328cfe95897da','畜牧水产','0','0','true'),('2c90b5a75b045ac7015b045da90300c2','7711eefd055611e794f328cfe95897da','特种类','9bd015ec055411e794f328cfe95897da','0','false'),('2c90b5a75b045ac7015b045da90900c3','8a1fad9e055611e794f328cfe95897da','禽畜类','9bd015ec055411e794f328cfe95897da','0','false'),('2c90b5a75b045ac7015b045da90e00c4','9338f793055611e794f328cfe95897da','水产类','9bd015ec055411e794f328cfe95897da','0','false'),('2c90b5a75b045ac7015b045da91400c5','a835683a055611e794f328cfe95897da','繁育种苗','9bd015ec055411e794f328cfe95897da','0','false'),('2c90b5a75b045ac7015b045da91b00c6','a2e96c3f055411e794f328cfe95897da','粮油米面','0','0','true'),('2c90b5a75b045ac7015b045da92100c7','cfe2e067055611e794f328cfe95897da','五谷杂粮','a2e96c3f055411e794f328cfe95897da','0','false'),('2c90b5a75b045ac7015b045da92600c8','d6d645cd055611e794f328cfe95897da','食用油','a2e96c3f055411e794f328cfe95897da','0','false'),('2c90b5a75b045ac7015b045da92c00c9','e20458e4055611e794f328cfe95897da','调味品','a2e96c3f055411e794f328cfe95897da','0','false'),('2c90b5a75b045ac7015b045da93100ca','ae3fe6b3055411e794f328cfe95897da','农副加工','0','0','true'),('2c90b5a75b045ac7015b045da93700cb','0602f9e8055711e794f328cfe95897da','酒茶冲饮','ae3fe6b3055411e794f328cfe95897da','0','false'),('2c90b5a75b045ac7015b045da94200cc','14f47472055711e794f328cfe95897da','肉类水产加工','ae3fe6b3055411e794f328cfe95897da','0','false'),('2c90b5a75b045ac7015b045da94800cd','2d4d44ef055711e794f328cfe95897da','蔬果加工','ae3fe6b3055411e794f328cfe95897da','0','false'),('2c90b5a75b045ac7015b045da94f00ce','34382d56055711e794f328cfe95897da','肉蛋奶','ae3fe6b3055411e794f328cfe95897da','0','false'),('2c90b5a75b045ac7015b045da95600cf','cb6a5d51055411e794f328cfe95897da','农资农机','0','0','true'),('2c90b5a75b045ac7015b045da95f00d0','4fce9cd3055711e794f328cfe95897da','农资','cb6a5d51055411e794f328cfe95897da','0','false'),('2c90b5a75b045ac7015b045da96600d1','56d0786b055711e794f328cfe95897da','农机','cb6a5d51055411e794f328cfe95897da','0','false'),('2c90b5a75b045ac7015b045dd51500d2','saaas','test','0','0','false'),('2c90b5a75b045ac7015b045dd51900d3','8d47ae65055411e794f328cfe95897da','水果蔬菜','0','0','true'),('2c90b5a75b045ac7015b045dd51e00d4','06298c30055611e794f328cfe95897da','水果','8d47ae65055411e794f328cfe95897da','0','false'),('2c90b5a75b045ac7015b045dd52300d5','16cd624f055611e794f328cfe95897da','蔬菜','8d47ae65055411e794f328cfe95897da','0','false'),('2c90b5a75b045ac7015b045dd52d00d6','9bd015ec055411e794f328cfe95897da','畜牧水产','0','0','true'),('2c90b5a75b045ac7015b045dd53300d7','7711eefd055611e794f328cfe95897da','特种类','9bd015ec055411e794f328cfe95897da','0','false'),('2c90b5a75b045ac7015b045dd53800d8','8a1fad9e055611e794f328cfe95897da','禽畜类','9bd015ec055411e794f328cfe95897da','0','false'),('2c90b5a75b045ac7015b045dd53c00d9','9338f793055611e794f328cfe95897da','水产类','9bd015ec055411e794f328cfe95897da','0','false'),('2c90b5a75b045ac7015b045dd54000da','a835683a055611e794f328cfe95897da','繁育种苗','9bd015ec055411e794f328cfe95897da','0','false'),('2c90b5a75b045ac7015b045dd54300db','a2e96c3f055411e794f328cfe95897da','粮油米面','0','0','true'),('2c90b5a75b045ac7015b045dd54700dc','cfe2e067055611e794f328cfe95897da','五谷杂粮','a2e96c3f055411e794f328cfe95897da','0','false'),('2c90b5a75b045ac7015b045dd54d00dd','d6d645cd055611e794f328cfe95897da','食用油','a2e96c3f055411e794f328cfe95897da','0','false'),('2c90b5a75b045ac7015b045dd55200de','e20458e4055611e794f328cfe95897da','调味品','a2e96c3f055411e794f328cfe95897da','0','false'),('2c90b5a75b045ac7015b045dd55500df','ae3fe6b3055411e794f328cfe95897da','农副加工','0','0','true'),('2c90b5a75b045ac7015b045dd55900e0','0602f9e8055711e794f328cfe95897da','酒茶冲饮','ae3fe6b3055411e794f328cfe95897da','0','false'),('2c90b5a75b045ac7015b045dd55d00e1','14f47472055711e794f328cfe95897da','肉类水产加工','ae3fe6b3055411e794f328cfe95897da','0','false'),('2c90b5a75b045ac7015b045dd56100e2','2d4d44ef055711e794f328cfe95897da','蔬果加工','ae3fe6b3055411e794f328cfe95897da','0','false'),('2c90b5a75b045ac7015b045dd56500e3','34382d56055711e794f328cfe95897da','肉蛋奶','ae3fe6b3055411e794f328cfe95897da','0','false'),('2c90b5a75b045ac7015b045dd56b00e4','cb6a5d51055411e794f328cfe95897da','农资农机','0','0','true'),('2c90b5a75b045ac7015b045dd57000e5','4fce9cd3055711e794f328cfe95897da','农资','cb6a5d51055411e794f328cfe95897da','0','false'),('2c90b5a75b045ac7015b045dd57800e6','56d0786b055711e794f328cfe95897da','农机','cb6a5d51055411e794f328cfe95897da','0','false'),('2c90b5a75b045ac7015b045e13c100e7','saaas','test','0','0','false'),('2c90b5a75b045ac7015b045e13c500e8','8d47ae65055411e794f328cfe95897da','水果蔬菜','0','0','true'),('2c90b5a75b045ac7015b045e13cc00e9','06298c30055611e794f328cfe95897da','水果','8d47ae65055411e794f328cfe95897da','0','false'),('2c90b5a75b045ac7015b045e13d200ea','16cd624f055611e794f328cfe95897da','蔬菜','8d47ae65055411e794f328cfe95897da','0','false'),('2c90b5a75b045ac7015b045e13d600eb','9bd015ec055411e794f328cfe95897da','畜牧水产','0','0','true'),('2c90b5a75b045ac7015b045e13dd00ec','7711eefd055611e794f328cfe95897da','特种类','9bd015ec055411e794f328cfe95897da','0','false'),('2c90b5a75b045ac7015b045e13e200ed','8a1fad9e055611e794f328cfe95897da','禽畜类','9bd015ec055411e794f328cfe95897da','0','false'),('2c90b5a75b045ac7015b045e13e600ee','9338f793055611e794f328cfe95897da','水产类','9bd015ec055411e794f328cfe95897da','0','false'),('2c90b5a75b045ac7015b045e13ec00ef','a835683a055611e794f328cfe95897da','繁育种苗','9bd015ec055411e794f328cfe95897da','0','false'),('2c90b5a75b045ac7015b045e13f000f0','a2e96c3f055411e794f328cfe95897da','粮油米面','0','0','true'),('2c90b5a75b045ac7015b045e13f300f1','cfe2e067055611e794f328cfe95897da','五谷杂粮','a2e96c3f055411e794f328cfe95897da','0','false'),('2c90b5a75b045ac7015b045e13f900f2','d6d645cd055611e794f328cfe95897da','食用油','a2e96c3f055411e794f328cfe95897da','0','false'),('2c90b5a75b045ac7015b045e13ff00f3','e20458e4055611e794f328cfe95897da','调味品','a2e96c3f055411e794f328cfe95897da','0','false'),('2c90b5a75b045ac7015b045e140400f4','ae3fe6b3055411e794f328cfe95897da','农副加工','0','0','true'),('2c90b5a75b045ac7015b045e140b00f5','0602f9e8055711e794f328cfe95897da','酒茶冲饮','ae3fe6b3055411e794f328cfe95897da','0','false'),('2c90b5a75b045ac7015b045e141100f6','14f47472055711e794f328cfe95897da','肉类水产加工','ae3fe6b3055411e794f328cfe95897da','0','false'),('2c90b5a75b045ac7015b045e141600f7','2d4d44ef055711e794f328cfe95897da','蔬果加工','ae3fe6b3055411e794f328cfe95897da','0','false'),('2c90b5a75b045ac7015b045e141f00f8','34382d56055711e794f328cfe95897da','肉蛋奶','ae3fe6b3055411e794f328cfe95897da','0','false'),('2c90b5a75b045ac7015b045e142500f9','cb6a5d51055411e794f328cfe95897da','农资农机','0','0','true'),('2c90b5a75b045ac7015b045e142d00fa','4fce9cd3055711e794f328cfe95897da','农资','cb6a5d51055411e794f328cfe95897da','0','false'),('2c90b5a75b045ac7015b045e143300fb','56d0786b055711e794f328cfe95897da','农机','cb6a5d51055411e794f328cfe95897da','0','false'),('2c90b5a75b045ee3015b046018680000','saaas','test','0','0','false'),('2c90b5a75b045ee3015b0460187a0001','8d47ae65055411e794f328cfe95897da','水果蔬菜','0','0','true'),('2c90b5a75b045ee3015b046018800002','06298c30055611e794f328cfe95897da','水果','8d47ae65055411e794f328cfe95897da','0','false'),('2c90b5a75b045ee3015b046018870003','16cd624f055611e794f328cfe95897da','蔬菜','8d47ae65055411e794f328cfe95897da','0','false'),('2c90b5a75b045ee3015b046018900004','9bd015ec055411e794f328cfe95897da','畜牧水产','0','0','true'),('2c90b5a75b045ee3015b0460189c0005','7711eefd055611e794f328cfe95897da','特种类','9bd015ec055411e794f328cfe95897da','0','false'),('2c90b5a75b045ee3015b046018a20006','8a1fad9e055611e794f328cfe95897da','禽畜类','9bd015ec055411e794f328cfe95897da','0','false'),('2c90b5a75b045ee3015b046018a70007','9338f793055611e794f328cfe95897da','水产类','9bd015ec055411e794f328cfe95897da','0','false'),('2c90b5a75b045ee3015b046018b00008','a835683a055611e794f328cfe95897da','繁育种苗','9bd015ec055411e794f328cfe95897da','0','false'),('2c90b5a75b045ee3015b046018b60009','a2e96c3f055411e794f328cfe95897da','粮油米面','0','0','true'),('2c90b5a75b045ee3015b046018bd000a','cfe2e067055611e794f328cfe95897da','五谷杂粮','a2e96c3f055411e794f328cfe95897da','0','false'),('2c90b5a75b045ee3015b046018c4000b','d6d645cd055611e794f328cfe95897da','食用油','a2e96c3f055411e794f328cfe95897da','0','false'),('2c90b5a75b045ee3015b046018cb000c','e20458e4055611e794f328cfe95897da','调味品','a2e96c3f055411e794f328cfe95897da','0','false'),('2c90b5a75b045ee3015b046018d0000d','ae3fe6b3055411e794f328cfe95897da','农副加工','0','0','true'),('2c90b5a75b045ee3015b046018d5000e','0602f9e8055711e794f328cfe95897da','酒茶冲饮','ae3fe6b3055411e794f328cfe95897da','0','false'),('2c90b5a75b045ee3015b046018dc000f','14f47472055711e794f328cfe95897da','肉类水产加工','ae3fe6b3055411e794f328cfe95897da','0','false'),('2c90b5a75b045ee3015b046018e30010','2d4d44ef055711e794f328cfe95897da','蔬果加工','ae3fe6b3055411e794f328cfe95897da','0','false'),('2c90b5a75b045ee3015b046018e90011','34382d56055711e794f328cfe95897da','肉蛋奶','ae3fe6b3055411e794f328cfe95897da','0','false'),('2c90b5a75b045ee3015b046018f30012','cb6a5d51055411e794f328cfe95897da','农资农机','0','0','true'),('2c90b5a75b045ee3015b046018f90013','4fce9cd3055711e794f328cfe95897da','农资','cb6a5d51055411e794f328cfe95897da','0','false'),('2c90b5a75b045ee3015b046019000014','56d0786b055711e794f328cfe95897da','农机','cb6a5d51055411e794f328cfe95897da','0','false'),('2c90b5a75b045ee3015b046087f30015','saaas','test','0','0','false'),('2c90b5a75b045ee3015b046087fa0016','8d47ae65055411e794f328cfe95897da','水果蔬菜','0','0','true'),('2c90b5a75b045ee3015b046088010017','06298c30055611e794f328cfe95897da','水果','8d47ae65055411e794f328cfe95897da','0','false'),('2c90b5a75b045ee3015b046088060018','16cd624f055611e794f328cfe95897da','蔬菜','8d47ae65055411e794f328cfe95897da','0','false'),('2c90b5a75b045ee3015b0460880d0019','9bd015ec055411e794f328cfe95897da','畜牧水产','0','0','true'),('2c90b5a75b045ee3015b04608815001a','7711eefd055611e794f328cfe95897da','特种类','9bd015ec055411e794f328cfe95897da','0','false'),('2c90b5a75b045ee3015b0460881c001b','8a1fad9e055611e794f328cfe95897da','禽畜类','9bd015ec055411e794f328cfe95897da','0','false'),('2c90b5a75b045ee3015b04608823001c','9338f793055611e794f328cfe95897da','水产类','9bd015ec055411e794f328cfe95897da','0','false'),('2c90b5a75b045ee3015b04608828001d','a835683a055611e794f328cfe95897da','繁育种苗','9bd015ec055411e794f328cfe95897da','0','false'),('2c90b5a75b045ee3015b04608830001e','a2e96c3f055411e794f328cfe95897da','粮油米面','0','0','true'),('2c90b5a75b045ee3015b04608839001f','cfe2e067055611e794f328cfe95897da','五谷杂粮','a2e96c3f055411e794f328cfe95897da','0','false'),('2c90b5a75b045ee3015b046088440020','d6d645cd055611e794f328cfe95897da','食用油','a2e96c3f055411e794f328cfe95897da','0','false'),('2c90b5a75b045ee3015b0460884c0021','e20458e4055611e794f328cfe95897da','调味品','a2e96c3f055411e794f328cfe95897da','0','false'),('2c90b5a75b045ee3015b046088550022','ae3fe6b3055411e794f328cfe95897da','农副加工','0','0','true'),('2c90b5a75b045ee3015b0460885a0023','0602f9e8055711e794f328cfe95897da','酒茶冲饮','ae3fe6b3055411e794f328cfe95897da','0','false'),('2c90b5a75b045ee3015b0460885f0024','14f47472055711e794f328cfe95897da','肉类水产加工','ae3fe6b3055411e794f328cfe95897da','0','false'),('2c90b5a75b045ee3015b046088650025','2d4d44ef055711e794f328cfe95897da','蔬果加工','ae3fe6b3055411e794f328cfe95897da','0','false'),('2c90b5a75b045ee3015b0460886a0026','34382d56055711e794f328cfe95897da','肉蛋奶','ae3fe6b3055411e794f328cfe95897da','0','false'),('2c90b5a75b045ee3015b0460886f0027','cb6a5d51055411e794f328cfe95897da','农资农机','0','0','true'),('2c90b5a75b045ee3015b046088760028','4fce9cd3055711e794f328cfe95897da','农资','cb6a5d51055411e794f328cfe95897da','0','false'),('2c90b5a75b045ee3015b0460887c0029','56d0786b055711e794f328cfe95897da','农机','cb6a5d51055411e794f328cfe95897da','0','false'),('2c90b5a75b045ee3015b046158b6002a','saaas','test','0','0','false'),('2c90b5a75b045ee3015b046158bd002b','8d47ae65055411e794f328cfe95897da','水果蔬菜','0','0','true'),('2c90b5a75b045ee3015b046158c2002c','06298c30055611e794f328cfe95897da','水果','8d47ae65055411e794f328cfe95897da','0','false'),('2c90b5a75b045ee3015b046158c8002d','16cd624f055611e794f328cfe95897da','蔬菜','8d47ae65055411e794f328cfe95897da','0','false'),('2c90b5a75b045ee3015b046158d0002e','9bd015ec055411e794f328cfe95897da','畜牧水产','0','0','true'),('2c90b5a75b045ee3015b046158d5002f','7711eefd055611e794f328cfe95897da','特种类','9bd015ec055411e794f328cfe95897da','0','false'),('2c90b5a75b045ee3015b046158da0030','8a1fad9e055611e794f328cfe95897da','禽畜类','9bd015ec055411e794f328cfe95897da','0','false'),('2c90b5a75b045ee3015b046158e00031','9338f793055611e794f328cfe95897da','水产类','9bd015ec055411e794f328cfe95897da','0','false'),('2c90b5a75b045ee3015b046158e40032','a835683a055611e794f328cfe95897da','繁育种苗','9bd015ec055411e794f328cfe95897da','0','false'),('2c90b5a75b045ee3015b046158e90033','a2e96c3f055411e794f328cfe95897da','粮油米面','0','0','true'),('2c90b5a75b045ee3015b046158ef0034','cfe2e067055611e794f328cfe95897da','五谷杂粮','a2e96c3f055411e794f328cfe95897da','0','false'),('2c90b5a75b045ee3015b046158f50035','d6d645cd055611e794f328cfe95897da','食用油','a2e96c3f055411e794f328cfe95897da','0','false'),('2c90b5a75b045ee3015b046158ff0036','e20458e4055611e794f328cfe95897da','调味品','a2e96c3f055411e794f328cfe95897da','0','false'),('2c90b5a75b045ee3015b046159060037','ae3fe6b3055411e794f328cfe95897da','农副加工','0','0','true'),('2c90b5a75b045ee3015b0461590c0038','0602f9e8055711e794f328cfe95897da','酒茶冲饮','ae3fe6b3055411e794f328cfe95897da','0','false'),('2c90b5a75b045ee3015b046159130039','14f47472055711e794f328cfe95897da','肉类水产加工','ae3fe6b3055411e794f328cfe95897da','0','false'),('2c90b5a75b045ee3015b0461591a003a','2d4d44ef055711e794f328cfe95897da','蔬果加工','ae3fe6b3055411e794f328cfe95897da','0','false'),('2c90b5a75b045ee3015b04615924003b','34382d56055711e794f328cfe95897da','肉蛋奶','ae3fe6b3055411e794f328cfe95897da','0','false'),('2c90b5a75b045ee3015b0461592c003c','cb6a5d51055411e794f328cfe95897da','农资农机','0','0','true'),('2c90b5a75b045ee3015b04615934003d','4fce9cd3055711e794f328cfe95897da','农资','cb6a5d51055411e794f328cfe95897da','0','false'),('2c90b5a75b045ee3015b04615939003e','56d0786b055711e794f328cfe95897da','农机','cb6a5d51055411e794f328cfe95897da','0','false'),('2c90b5a75b045ee3015b0462dd41003f','saaas','test','0','0','false'),('2c90b5a75b045ee3015b0462dd500040','8d47ae65055411e794f328cfe95897da','水果蔬菜','0','0','true'),('2c90b5a75b045ee3015b0462dd5f0041','06298c30055611e794f328cfe95897da','水果','8d47ae65055411e794f328cfe95897da','0','false'),('2c90b5a75b045ee3015b0462dd6f0042','16cd624f055611e794f328cfe95897da','蔬菜','8d47ae65055411e794f328cfe95897da','0','false'),('2c90b5a75b045ee3015b0462dd7e0043','9bd015ec055411e794f328cfe95897da','畜牧水产','0','0','true'),('2c90b5a75b045ee3015b0462dd8b0044','7711eefd055611e794f328cfe95897da','特种类','9bd015ec055411e794f328cfe95897da','0','false'),('2c90b5a75b045ee3015b0462dd9a0045','8a1fad9e055611e794f328cfe95897da','禽畜类','9bd015ec055411e794f328cfe95897da','0','false'),('2c90b5a75b045ee3015b0462dda80046','9338f793055611e794f328cfe95897da','水产类','9bd015ec055411e794f328cfe95897da','0','false'),('2c90b5a75b045ee3015b0462ddb60047','a835683a055611e794f328cfe95897da','繁育种苗','9bd015ec055411e794f328cfe95897da','0','false'),('2c90b5a75b045ee3015b0462ddc50048','a2e96c3f055411e794f328cfe95897da','粮油米面','0','0','true'),('2c90b5a75b045ee3015b0462ddd50049','cfe2e067055611e794f328cfe95897da','五谷杂粮','a2e96c3f055411e794f328cfe95897da','0','false'),('2c90b5a75b045ee3015b0462dde4004a','d6d645cd055611e794f328cfe95897da','食用油','a2e96c3f055411e794f328cfe95897da','0','false'),('2c90b5a75b045ee3015b0462ddf3004b','e20458e4055611e794f328cfe95897da','调味品','a2e96c3f055411e794f328cfe95897da','0','false'),('2c90b5a75b045ee3015b0462de05004c','ae3fe6b3055411e794f328cfe95897da','农副加工','0','0','true'),('2c90b5a75b045ee3015b0462de14004d','0602f9e8055711e794f328cfe95897da','酒茶冲饮','ae3fe6b3055411e794f328cfe95897da','0','false'),('2c90b5a75b045ee3015b0462de23004e','14f47472055711e794f328cfe95897da','肉类水产加工','ae3fe6b3055411e794f328cfe95897da','0','false'),('2c90b5a75b045ee3015b0462de32004f','2d4d44ef055711e794f328cfe95897da','蔬果加工','ae3fe6b3055411e794f328cfe95897da','0','false'),('2c90b5a75b045ee3015b0462de400050','34382d56055711e794f328cfe95897da','肉蛋奶','ae3fe6b3055411e794f328cfe95897da','0','false'),('2c90b5a75b045ee3015b0462de4f0051','cb6a5d51055411e794f328cfe95897da','农资农机','0','0','true'),('2c90b5a75b045ee3015b0462de5c0052','4fce9cd3055711e794f328cfe95897da','农资','cb6a5d51055411e794f328cfe95897da','0','false'),('2c90b5a75b045ee3015b0462de6c0053','56d0786b055711e794f328cfe95897da','农机','cb6a5d51055411e794f328cfe95897da','0','false'),('2c90b5a75b04649a015b0464de790000','saaas','test','0','0','false'),('2c90b5a75b04649a015b0464deb40001','8d47ae65055411e794f328cfe95897da','水果蔬菜','0','0','true'),('2c90b5a75b04649a015b0464dec20002','06298c30055611e794f328cfe95897da','水果','8d47ae65055411e794f328cfe95897da','0','false'),('2c90b5a75b04649a015b0464ded20003','16cd624f055611e794f328cfe95897da','蔬菜','8d47ae65055411e794f328cfe95897da','0','false'),('2c90b5a75b04649a015b0464dee20004','9bd015ec055411e794f328cfe95897da','畜牧水产','0','0','true'),('2c90b5a75b04649a015b0464def30005','7711eefd055611e794f328cfe95897da','特种类','9bd015ec055411e794f328cfe95897da','0','false'),('2c90b5a75b04649a015b0464df030006','8a1fad9e055611e794f328cfe95897da','禽畜类','9bd015ec055411e794f328cfe95897da','0','false'),('2c90b5a75b04649a015b0464df120007','9338f793055611e794f328cfe95897da','水产类','9bd015ec055411e794f328cfe95897da','0','false'),('2c90b5a75b04649a015b0464df230008','a835683a055611e794f328cfe95897da','繁育种苗','9bd015ec055411e794f328cfe95897da','0','false'),('2c90b5a75b04649a015b0464df390009','a2e96c3f055411e794f328cfe95897da','粮油米面','0','0','true'),('2c90b5a75b04649a015b0464df4e000a','cfe2e067055611e794f328cfe95897da','五谷杂粮','a2e96c3f055411e794f328cfe95897da','0','false'),('2c90b5a75b04649a015b0464df5f000b','d6d645cd055611e794f328cfe95897da','食用油','a2e96c3f055411e794f328cfe95897da','0','false'),('2c90b5a75b04649a015b0464df6d000c','e20458e4055611e794f328cfe95897da','调味品','a2e96c3f055411e794f328cfe95897da','0','false'),('2c90b5a75b04649a015b0464df84000d','ae3fe6b3055411e794f328cfe95897da','农副加工','0','0','true'),('2c90b5a75b04649a015b0464df97000e','0602f9e8055711e794f328cfe95897da','酒茶冲饮','ae3fe6b3055411e794f328cfe95897da','0','false'),('2c90b5a75b04649a015b0464dfb2000f','14f47472055711e794f328cfe95897da','肉类水产加工','ae3fe6b3055411e794f328cfe95897da','0','false'),('2c90b5a75b04649a015b0464dfc80010','2d4d44ef055711e794f328cfe95897da','蔬果加工','ae3fe6b3055411e794f328cfe95897da','0','false'),('2c90b5a75b04649a015b0464dfd70011','34382d56055711e794f328cfe95897da','肉蛋奶','ae3fe6b3055411e794f328cfe95897da','0','false'),('2c90b5a75b04649a015b0464dfe50012','cb6a5d51055411e794f328cfe95897da','农资农机','0','0','true'),('2c90b5a75b04649a015b0464dff50013','4fce9cd3055711e794f328cfe95897da','农资','cb6a5d51055411e794f328cfe95897da','0','false'),('2c90b5a75b04649a015b0464e00a0014','56d0786b055711e794f328cfe95897da','农机','cb6a5d51055411e794f328cfe95897da','0','false'),('2c90b5a75b04655d015b0465b6850000','saaas','test','0','0','false'),('2c90b5a75b04655d015b0465b69c0001','8d47ae65055411e794f328cfe95897da','水果蔬菜','0','0','true'),('2c90b5a75b04655d015b0465b6a20002','06298c30055611e794f328cfe95897da','水果','8d47ae65055411e794f328cfe95897da','0','false'),('2c90b5a75b04655d015b0465b6a70003','16cd624f055611e794f328cfe95897da','蔬菜','8d47ae65055411e794f328cfe95897da','0','false'),('2c90b5a75b04655d015b0465b6af0004','9bd015ec055411e794f328cfe95897da','畜牧水产','0','0','true'),('2c90b5a75b04655d015b0465b6b80005','7711eefd055611e794f328cfe95897da','特种类','9bd015ec055411e794f328cfe95897da','0','false'),('2c90b5a75b04655d015b0465b6c30006','8a1fad9e055611e794f328cfe95897da','禽畜类','9bd015ec055411e794f328cfe95897da','0','false'),('2c90b5a75b04655d015b0465b6cc0007','9338f793055611e794f328cfe95897da','水产类','9bd015ec055411e794f328cfe95897da','0','false'),('2c90b5a75b04655d015b0465b6d50008','a835683a055611e794f328cfe95897da','繁育种苗','9bd015ec055411e794f328cfe95897da','0','false'),('2c90b5a75b04655d015b0465b6e00009','a2e96c3f055411e794f328cfe95897da','粮油米面','0','0','true'),('2c90b5a75b04655d015b0465b6ea000a','cfe2e067055611e794f328cfe95897da','五谷杂粮','a2e96c3f055411e794f328cfe95897da','0','false'),('2c90b5a75b04655d015b0465b6f3000b','d6d645cd055611e794f328cfe95897da','食用油','a2e96c3f055411e794f328cfe95897da','0','false'),('2c90b5a75b04655d015b0465b6fc000c','e20458e4055611e794f328cfe95897da','调味品','a2e96c3f055411e794f328cfe95897da','0','false'),('2c90b5a75b04655d015b0465b707000d','ae3fe6b3055411e794f328cfe95897da','农副加工','0','0','true'),('2c90b5a75b04655d015b0465b710000e','0602f9e8055711e794f328cfe95897da','酒茶冲饮','ae3fe6b3055411e794f328cfe95897da','0','false'),('2c90b5a75b04655d015b0465b71b000f','14f47472055711e794f328cfe95897da','肉类水产加工','ae3fe6b3055411e794f328cfe95897da','0','false'),('2c90b5a75b04655d015b0465b7240010','2d4d44ef055711e794f328cfe95897da','蔬果加工','ae3fe6b3055411e794f328cfe95897da','0','false'),('2c90b5a75b04655d015b0465b72d0011','34382d56055711e794f328cfe95897da','肉蛋奶','ae3fe6b3055411e794f328cfe95897da','0','false'),('2c90b5a75b04655d015b0465b7400012','cb6a5d51055411e794f328cfe95897da','农资农机','0','0','true'),('2c90b5a75b04655d015b0465b74c0013','4fce9cd3055711e794f328cfe95897da','农资','cb6a5d51055411e794f328cfe95897da','0','false'),('2c90b5a75b04655d015b0465b7590014','56d0786b055711e794f328cfe95897da','农机','cb6a5d51055411e794f328cfe95897da','0','false'),('2c90b5a75b04655d015b046645d60015','saaas','test','0','0','false'),('2c90b5a75b04655d015b046645da0016','8d47ae65055411e794f328cfe95897da','水果蔬菜','0','0','true'),('2c90b5a75b04655d015b046645e20017','06298c30055611e794f328cfe95897da','水果','8d47ae65055411e794f328cfe95897da','0','false'),('2c90b5a75b04655d015b046645e80018','16cd624f055611e794f328cfe95897da','蔬菜','8d47ae65055411e794f328cfe95897da','0','false'),('2c90b5a75b04655d015b046645ec0019','9bd015ec055411e794f328cfe95897da','畜牧水产','0','0','true'),('2c90b5a75b04655d015b046645f2001a','7711eefd055611e794f328cfe95897da','特种类','9bd015ec055411e794f328cfe95897da','0','false'),('2c90b5a75b04655d015b046645f8001b','8a1fad9e055611e794f328cfe95897da','禽畜类','9bd015ec055411e794f328cfe95897da','0','false'),('2c90b5a75b04655d015b046645fe001c','9338f793055611e794f328cfe95897da','水产类','9bd015ec055411e794f328cfe95897da','0','false'),('2c90b5a75b04655d015b04664605001d','a835683a055611e794f328cfe95897da','繁育种苗','9bd015ec055411e794f328cfe95897da','0','false'),('2c90b5a75b04655d015b0466460b001e','a2e96c3f055411e794f328cfe95897da','粮油米面','0','0','true'),('2c90b5a75b04655d015b04664612001f','cfe2e067055611e794f328cfe95897da','五谷杂粮','a2e96c3f055411e794f328cfe95897da','0','false'),('2c90b5a75b04655d015b0466461b0020','d6d645cd055611e794f328cfe95897da','食用油','a2e96c3f055411e794f328cfe95897da','0','false'),('2c90b5a75b04655d015b046646240021','e20458e4055611e794f328cfe95897da','调味品','a2e96c3f055411e794f328cfe95897da','0','false'),('2c90b5a75b04655d015b0466462d0022','ae3fe6b3055411e794f328cfe95897da','农副加工','0','0','true'),('2c90b5a75b04655d015b046646350023','0602f9e8055711e794f328cfe95897da','酒茶冲饮','ae3fe6b3055411e794f328cfe95897da','0','false'),('2c90b5a75b04655d015b046646400024','14f47472055711e794f328cfe95897da','肉类水产加工','ae3fe6b3055411e794f328cfe95897da','0','false'),('2c90b5a75b04655d015b046646480025','2d4d44ef055711e794f328cfe95897da','蔬果加工','ae3fe6b3055411e794f328cfe95897da','0','false'),('2c90b5a75b04655d015b0466464c0026','34382d56055711e794f328cfe95897da','肉蛋奶','ae3fe6b3055411e794f328cfe95897da','0','false'),('2c90b5a75b04655d015b046646520027','cb6a5d51055411e794f328cfe95897da','农资农机','0','0','true'),('2c90b5a75b04655d015b046646580028','4fce9cd3055711e794f328cfe95897da','农资','cb6a5d51055411e794f328cfe95897da','0','false'),('2c90b5a75b04655d015b0466465e0029','56d0786b055711e794f328cfe95897da','农机','cb6a5d51055411e794f328cfe95897da','0','false'),('2c90b5a75b04655d015b04669072002a','saaas','test','0','0','false'),('2c90b5a75b04655d015b04669077002b','8d47ae65055411e794f328cfe95897da','水果蔬菜','0','0','true'),('2c90b5a75b04655d015b0466907e002c','06298c30055611e794f328cfe95897da','水果','8d47ae65055411e794f328cfe95897da','0','false'),('2c90b5a75b04655d015b04669086002d','16cd624f055611e794f328cfe95897da','蔬菜','8d47ae65055411e794f328cfe95897da','0','false'),('2c90b5a75b04655d015b0466908c002e','9bd015ec055411e794f328cfe95897da','畜牧水产','0','0','true'),('2c90b5a75b04655d015b04669092002f','7711eefd055611e794f328cfe95897da','特种类','9bd015ec055411e794f328cfe95897da','0','false'),('2c90b5a75b04655d015b0466909a0030','8a1fad9e055611e794f328cfe95897da','禽畜类','9bd015ec055411e794f328cfe95897da','0','false'),('2c90b5a75b04655d015b046690a10031','9338f793055611e794f328cfe95897da','水产类','9bd015ec055411e794f328cfe95897da','0','false'),('2c90b5a75b04655d015b046690a50032','a835683a055611e794f328cfe95897da','繁育种苗','9bd015ec055411e794f328cfe95897da','0','false'),('2c90b5a75b04655d015b046690ab0033','a2e96c3f055411e794f328cfe95897da','粮油米面','0','0','true'),('2c90b5a75b04655d015b046690b40034','cfe2e067055611e794f328cfe95897da','五谷杂粮','a2e96c3f055411e794f328cfe95897da','0','false'),('2c90b5a75b04655d015b046690b80035','d6d645cd055611e794f328cfe95897da','食用油','a2e96c3f055411e794f328cfe95897da','0','false'),('2c90b5a75b04655d015b046690bf0036','e20458e4055611e794f328cfe95897da','调味品','a2e96c3f055411e794f328cfe95897da','0','false'),('2c90b5a75b04655d015b046690c80037','ae3fe6b3055411e794f328cfe95897da','农副加工','0','0','true'),('2c90b5a75b04655d015b046690d20038','0602f9e8055711e794f328cfe95897da','酒茶冲饮','ae3fe6b3055411e794f328cfe95897da','0','false'),('2c90b5a75b04655d015b046690db0039','14f47472055711e794f328cfe95897da','肉类水产加工','ae3fe6b3055411e794f328cfe95897da','0','false'),('2c90b5a75b04655d015b046690e5003a','2d4d44ef055711e794f328cfe95897da','蔬果加工','ae3fe6b3055411e794f328cfe95897da','0','false'),('2c90b5a75b04655d015b046690ea003b','34382d56055711e794f328cfe95897da','肉蛋奶','ae3fe6b3055411e794f328cfe95897da','0','false'),('2c90b5a75b04655d015b046690ef003c','cb6a5d51055411e794f328cfe95897da','农资农机','0','0','true'),('2c90b5a75b04655d015b046690f6003d','4fce9cd3055711e794f328cfe95897da','农资','cb6a5d51055411e794f328cfe95897da','0','false'),('2c90b5a75b04655d015b046690fa003e','56d0786b055711e794f328cfe95897da','农机','cb6a5d51055411e794f328cfe95897da','0','false'),('2c90b5a75b04655d015b0466d914003f','saaas','test','0','0','false'),('2c90b5a75b04655d015b0466d91b0040','8d47ae65055411e794f328cfe95897da','水果蔬菜','0','0','true'),('2c90b5a75b04655d015b0466d91f0041','06298c30055611e794f328cfe95897da','水果','8d47ae65055411e794f328cfe95897da','0','false'),('2c90b5a75b04655d015b0466d9230042','16cd624f055611e794f328cfe95897da','蔬菜','8d47ae65055411e794f328cfe95897da','0','false'),('2c90b5a75b04655d015b0466d9280043','9bd015ec055411e794f328cfe95897da','畜牧水产','0','0','true'),('2c90b5a75b04655d015b0466d92e0044','7711eefd055611e794f328cfe95897da','特种类','9bd015ec055411e794f328cfe95897da','0','false'),('2c90b5a75b04655d015b0466d9320045','8a1fad9e055611e794f328cfe95897da','禽畜类','9bd015ec055411e794f328cfe95897da','0','false'),('2c90b5a75b04655d015b0466d9370046','9338f793055611e794f328cfe95897da','水产类','9bd015ec055411e794f328cfe95897da','0','false'),('2c90b5a75b04655d015b0466d93d0047','a835683a055611e794f328cfe95897da','繁育种苗','9bd015ec055411e794f328cfe95897da','0','false'),('2c90b5a75b04655d015b0466d9400048','a2e96c3f055411e794f328cfe95897da','粮油米面','0','0','true'),('2c90b5a75b04655d015b0466d9460049','cfe2e067055611e794f328cfe95897da','五谷杂粮','a2e96c3f055411e794f328cfe95897da','0','false'),('2c90b5a75b04655d015b0466d94d004a','d6d645cd055611e794f328cfe95897da','食用油','a2e96c3f055411e794f328cfe95897da','0','false'),('2c90b5a75b04655d015b0466d953004b','e20458e4055611e794f328cfe95897da','调味品','a2e96c3f055411e794f328cfe95897da','0','false'),('2c90b5a75b04655d015b0466d95a004c','ae3fe6b3055411e794f328cfe95897da','农副加工','0','0','true'),('2c90b5a75b04655d015b0466d960004d','0602f9e8055711e794f328cfe95897da','酒茶冲饮','ae3fe6b3055411e794f328cfe95897da','0','false'),('2c90b5a75b04655d015b0466d965004e','14f47472055711e794f328cfe95897da','肉类水产加工','ae3fe6b3055411e794f328cfe95897da','0','false'),('2c90b5a75b04655d015b0466d96a004f','2d4d44ef055711e794f328cfe95897da','蔬果加工','ae3fe6b3055411e794f328cfe95897da','0','false'),('2c90b5a75b04655d015b0466d9700050','34382d56055711e794f328cfe95897da','肉蛋奶','ae3fe6b3055411e794f328cfe95897da','0','false'),('2c90b5a75b04655d015b0466d9740051','cb6a5d51055411e794f328cfe95897da','农资农机','0','0','true'),('2c90b5a75b04655d015b0466d97a0052','4fce9cd3055711e794f328cfe95897da','农资','cb6a5d51055411e794f328cfe95897da','0','false'),('2c90b5a75b04655d015b0466d9810053','56d0786b055711e794f328cfe95897da','农机','cb6a5d51055411e794f328cfe95897da','0','false'),('2c90b5a75b04655d015b0466e75d0054','saaas','test','0','0','false'),('2c90b5a75b04655d015b0466e7660055','8d47ae65055411e794f328cfe95897da','水果蔬菜','0','0','true'),('2c90b5a75b04655d015b0466e76e0056','06298c30055611e794f328cfe95897da','水果','8d47ae65055411e794f328cfe95897da','0','false'),('2c90b5a75b04655d015b0466e7760057','16cd624f055611e794f328cfe95897da','蔬菜','8d47ae65055411e794f328cfe95897da','0','false'),('2c90b5a75b04655d015b0466e77f0058','9bd015ec055411e794f328cfe95897da','畜牧水产','0','0','true'),('2c90b5a75b04655d015b0466e7890059','7711eefd055611e794f328cfe95897da','特种类','9bd015ec055411e794f328cfe95897da','0','false'),('2c90b5a75b04655d015b0466e792005a','8a1fad9e055611e794f328cfe95897da','禽畜类','9bd015ec055411e794f328cfe95897da','0','false'),('2c90b5a75b04655d015b0466e798005b','9338f793055611e794f328cfe95897da','水产类','9bd015ec055411e794f328cfe95897da','0','false'),('2c90b5a75b04655d015b0466e79f005c','a835683a055611e794f328cfe95897da','繁育种苗','9bd015ec055411e794f328cfe95897da','0','false'),('2c90b5a75b04655d015b0466e7a5005d','a2e96c3f055411e794f328cfe95897da','粮油米面','0','0','true'),('2c90b5a75b04655d015b0466e7ab005e','cfe2e067055611e794f328cfe95897da','五谷杂粮','a2e96c3f055411e794f328cfe95897da','0','false'),('2c90b5a75b04655d015b0466e7b1005f','d6d645cd055611e794f328cfe95897da','食用油','a2e96c3f055411e794f328cfe95897da','0','false'),('2c90b5a75b04655d015b0466e7b70060','e20458e4055611e794f328cfe95897da','调味品','a2e96c3f055411e794f328cfe95897da','0','false'),('2c90b5a75b04655d015b0466e7be0061','ae3fe6b3055411e794f328cfe95897da','农副加工','0','0','true'),('2c90b5a75b04655d015b0466e7c50062','0602f9e8055711e794f328cfe95897da','酒茶冲饮','ae3fe6b3055411e794f328cfe95897da','0','false'),('2c90b5a75b04655d015b0466e7cc0063','14f47472055711e794f328cfe95897da','肉类水产加工','ae3fe6b3055411e794f328cfe95897da','0','false'),('2c90b5a75b04655d015b0466e7d50064','2d4d44ef055711e794f328cfe95897da','蔬果加工','ae3fe6b3055411e794f328cfe95897da','0','false'),('2c90b5a75b04655d015b0466e7db0065','34382d56055711e794f328cfe95897da','肉蛋奶','ae3fe6b3055411e794f328cfe95897da','0','false'),('2c90b5a75b04655d015b0466e7e20066','cb6a5d51055411e794f328cfe95897da','农资农机','0','0','true'),('2c90b5a75b04655d015b0466e7e60067','4fce9cd3055711e794f328cfe95897da','农资','cb6a5d51055411e794f328cfe95897da','0','false'),('2c90b5a75b04655d015b0466e7eb0068','56d0786b055711e794f328cfe95897da','农机','cb6a5d51055411e794f328cfe95897da','0','false'),('2c90b5a75b04655d015b0466ea2b0069','saaas','test','0','0','false'),('2c90b5a75b04655d015b0466ea31006a','8d47ae65055411e794f328cfe95897da','水果蔬菜','0','0','true'),('2c90b5a75b04655d015b0466ea38006b','06298c30055611e794f328cfe95897da','水果','8d47ae65055411e794f328cfe95897da','0','false'),('2c90b5a75b04655d015b0466ea3e006c','16cd624f055611e794f328cfe95897da','蔬菜','8d47ae65055411e794f328cfe95897da','0','false'),('2c90b5a75b04655d015b0466ea43006d','9bd015ec055411e794f328cfe95897da','畜牧水产','0','0','true'),('2c90b5a75b04655d015b0466ea48006e','7711eefd055611e794f328cfe95897da','特种类','9bd015ec055411e794f328cfe95897da','0','false'),('2c90b5a75b04655d015b0466ea4f006f','8a1fad9e055611e794f328cfe95897da','禽畜类','9bd015ec055411e794f328cfe95897da','0','false'),('2c90b5a75b04655d015b0466ea540070','9338f793055611e794f328cfe95897da','水产类','9bd015ec055411e794f328cfe95897da','0','false'),('2c90b5a75b04655d015b0466ea5a0071','a835683a055611e794f328cfe95897da','繁育种苗','9bd015ec055411e794f328cfe95897da','0','false'),('2c90b5a75b04655d015b0466ea5e0072','a2e96c3f055411e794f328cfe95897da','粮油米面','0','0','true'),('2c90b5a75b04655d015b0466ea630073','cfe2e067055611e794f328cfe95897da','五谷杂粮','a2e96c3f055411e794f328cfe95897da','0','false'),('2c90b5a75b04655d015b0466ea6b0074','d6d645cd055611e794f328cfe95897da','食用油','a2e96c3f055411e794f328cfe95897da','0','false'),('2c90b5a75b04655d015b0466ea700075','e20458e4055611e794f328cfe95897da','调味品','a2e96c3f055411e794f328cfe95897da','0','false'),('2c90b5a75b04655d015b0466ea7a0076','ae3fe6b3055411e794f328cfe95897da','农副加工','0','0','true'),('2c90b5a75b04655d015b0466ea820077','0602f9e8055711e794f328cfe95897da','酒茶冲饮','ae3fe6b3055411e794f328cfe95897da','0','false'),('2c90b5a75b04655d015b0466ea890078','14f47472055711e794f328cfe95897da','肉类水产加工','ae3fe6b3055411e794f328cfe95897da','0','false'),('2c90b5a75b04655d015b0466ea8f0079','2d4d44ef055711e794f328cfe95897da','蔬果加工','ae3fe6b3055411e794f328cfe95897da','0','false'),('2c90b5a75b04655d015b0466ea95007a','34382d56055711e794f328cfe95897da','肉蛋奶','ae3fe6b3055411e794f328cfe95897da','0','false'),('2c90b5a75b04655d015b0466ea9d007b','cb6a5d51055411e794f328cfe95897da','农资农机','0','0','true'),('2c90b5a75b04655d015b0466eaa5007c','4fce9cd3055711e794f328cfe95897da','农资','cb6a5d51055411e794f328cfe95897da','0','false'),('2c90b5a75b04655d015b0466eaac007d','56d0786b055711e794f328cfe95897da','农机','cb6a5d51055411e794f328cfe95897da','0','false'),('2c90b5a75b04655d015b0466eb63007e','saaas','test','0','0','false'),('2c90b5a75b04655d015b0466eb68007f','8d47ae65055411e794f328cfe95897da','水果蔬菜','0','0','true'),('2c90b5a75b04655d015b0466eb6f0080','06298c30055611e794f328cfe95897da','水果','8d47ae65055411e794f328cfe95897da','0','false'),('2c90b5a75b04655d015b0466eb740081','16cd624f055611e794f328cfe95897da','蔬菜','8d47ae65055411e794f328cfe95897da','0','false'),('2c90b5a75b04655d015b0466eb780082','9bd015ec055411e794f328cfe95897da','畜牧水产','0','0','true'),('2c90b5a75b04655d015b0466eb7d0083','7711eefd055611e794f328cfe95897da','特种类','9bd015ec055411e794f328cfe95897da','0','false'),('2c90b5a75b04655d015b0466eb840084','8a1fad9e055611e794f328cfe95897da','禽畜类','9bd015ec055411e794f328cfe95897da','0','false'),('2c90b5a75b04655d015b0466eb870085','9338f793055611e794f328cfe95897da','水产类','9bd015ec055411e794f328cfe95897da','0','false'),('2c90b5a75b04655d015b0466eb8c0086','a835683a055611e794f328cfe95897da','繁育种苗','9bd015ec055411e794f328cfe95897da','0','false'),('2c90b5a75b04655d015b0466eb940087','a2e96c3f055411e794f328cfe95897da','粮油米面','0','0','true'),('2c90b5a75b04655d015b0466eb980088','cfe2e067055611e794f328cfe95897da','五谷杂粮','a2e96c3f055411e794f328cfe95897da','0','false'),('2c90b5a75b04655d015b0466eb9f0089','d6d645cd055611e794f328cfe95897da','食用油','a2e96c3f055411e794f328cfe95897da','0','false'),('2c90b5a75b04655d015b0466eba5008a','e20458e4055611e794f328cfe95897da','调味品','a2e96c3f055411e794f328cfe95897da','0','false'),('2c90b5a75b04655d015b0466eba9008b','ae3fe6b3055411e794f328cfe95897da','农副加工','0','0','true'),('2c90b5a75b04655d015b0466ebad008c','0602f9e8055711e794f328cfe95897da','酒茶冲饮','ae3fe6b3055411e794f328cfe95897da','0','false'),('2c90b5a75b04655d015b0466ebb4008d','14f47472055711e794f328cfe95897da','肉类水产加工','ae3fe6b3055411e794f328cfe95897da','0','false'),('2c90b5a75b04655d015b0466ebb8008e','2d4d44ef055711e794f328cfe95897da','蔬果加工','ae3fe6b3055411e794f328cfe95897da','0','false'),('2c90b5a75b04655d015b0466ebbc008f','34382d56055711e794f328cfe95897da','肉蛋奶','ae3fe6b3055411e794f328cfe95897da','0','false'),('2c90b5a75b04655d015b0466ebc20090','cb6a5d51055411e794f328cfe95897da','农资农机','0','0','true'),('2c90b5a75b04655d015b0466ebc60091','4fce9cd3055711e794f328cfe95897da','农资','cb6a5d51055411e794f328cfe95897da','0','false'),('2c90b5a75b04655d015b0466ebcb0092','56d0786b055711e794f328cfe95897da','农机','cb6a5d51055411e794f328cfe95897da','0','false'),('2c90b5a75b04655d015b0466ec300093','saaas','test','0','0','false'),('2c90b5a75b04655d015b0466ec390094','8d47ae65055411e794f328cfe95897da','水果蔬菜','0','0','true'),('2c90b5a75b04655d015b0466ec400095','06298c30055611e794f328cfe95897da','水果','8d47ae65055411e794f328cfe95897da','0','false'),('2c90b5a75b04655d015b0466ec480096','16cd624f055611e794f328cfe95897da','蔬菜','8d47ae65055411e794f328cfe95897da','0','false'),('2c90b5a75b04655d015b0466ec530097','9bd015ec055411e794f328cfe95897da','畜牧水产','0','0','true'),('2c90b5a75b04655d015b0466ec5a0098','7711eefd055611e794f328cfe95897da','特种类','9bd015ec055411e794f328cfe95897da','0','false'),('2c90b5a75b04655d015b0466ec620099','8a1fad9e055611e794f328cfe95897da','禽畜类','9bd015ec055411e794f328cfe95897da','0','false'),('2c90b5a75b04655d015b0466ec6a009a','9338f793055611e794f328cfe95897da','水产类','9bd015ec055411e794f328cfe95897da','0','false'),('2c90b5a75b04655d015b0466ec6e009b','a835683a055611e794f328cfe95897da','繁育种苗','9bd015ec055411e794f328cfe95897da','0','false'),('2c90b5a75b04655d015b0466ec72009c','a2e96c3f055411e794f328cfe95897da','粮油米面','0','0','true'),('2c90b5a75b04655d015b0466ec78009d','cfe2e067055611e794f328cfe95897da','五谷杂粮','a2e96c3f055411e794f328cfe95897da','0','false'),('2c90b5a75b04655d015b0466ec7e009e','d6d645cd055611e794f328cfe95897da','食用油','a2e96c3f055411e794f328cfe95897da','0','false'),('2c90b5a75b04655d015b0466ec81009f','e20458e4055611e794f328cfe95897da','调味品','a2e96c3f055411e794f328cfe95897da','0','false'),('2c90b5a75b04655d015b0466ec8700a0','ae3fe6b3055411e794f328cfe95897da','农副加工','0','0','true'),('2c90b5a75b04655d015b0466ec8d00a1','0602f9e8055711e794f328cfe95897da','酒茶冲饮','ae3fe6b3055411e794f328cfe95897da','0','false'),('2c90b5a75b04655d015b0466ec9200a2','14f47472055711e794f328cfe95897da','肉类水产加工','ae3fe6b3055411e794f328cfe95897da','0','false'),('2c90b5a75b04655d015b0466ec9700a3','2d4d44ef055711e794f328cfe95897da','蔬果加工','ae3fe6b3055411e794f328cfe95897da','0','false'),('2c90b5a75b04655d015b0466ec9c00a4','34382d56055711e794f328cfe95897da','肉蛋奶','ae3fe6b3055411e794f328cfe95897da','0','false'),('2c90b5a75b04655d015b0466eca000a5','cb6a5d51055411e794f328cfe95897da','农资农机','0','0','true'),('2c90b5a75b04655d015b0466eca300a6','4fce9cd3055711e794f328cfe95897da','农资','cb6a5d51055411e794f328cfe95897da','0','false'),('2c90b5a75b04655d015b0466eca900a7','56d0786b055711e794f328cfe95897da','农机','cb6a5d51055411e794f328cfe95897da','0','false'),('2c90b5a75b04655d015b0466ed5400a8','saaas','test','0','0','false'),('2c90b5a75b04655d015b0466ed5b00a9','8d47ae65055411e794f328cfe95897da','水果蔬菜','0','0','true'),('2c90b5a75b04655d015b0466ed6600aa','06298c30055611e794f328cfe95897da','水果','8d47ae65055411e794f328cfe95897da','0','false'),('2c90b5a75b04655d015b0466ed6d00ab','16cd624f055611e794f328cfe95897da','蔬菜','8d47ae65055411e794f328cfe95897da','0','false'),('2c90b5a75b04655d015b0466ed7900ac','9bd015ec055411e794f328cfe95897da','畜牧水产','0','0','true'),('2c90b5a75b04655d015b0466ed8000ad','7711eefd055611e794f328cfe95897da','特种类','9bd015ec055411e794f328cfe95897da','0','false'),('2c90b5a75b04655d015b0466ed8a00ae','8a1fad9e055611e794f328cfe95897da','禽畜类','9bd015ec055411e794f328cfe95897da','0','false'),('2c90b5a75b04655d015b0466ed9200af','9338f793055611e794f328cfe95897da','水产类','9bd015ec055411e794f328cfe95897da','0','false'),('2c90b5a75b04655d015b0466ed9b00b0','a835683a055611e794f328cfe95897da','繁育种苗','9bd015ec055411e794f328cfe95897da','0','false'),('2c90b5a75b04655d015b0466eda300b1','a2e96c3f055411e794f328cfe95897da','粮油米面','0','0','true'),('2c90b5a75b04655d015b0466edac00b2','cfe2e067055611e794f328cfe95897da','五谷杂粮','a2e96c3f055411e794f328cfe95897da','0','false'),('2c90b5a75b04655d015b0466edb400b3','d6d645cd055611e794f328cfe95897da','食用油','a2e96c3f055411e794f328cfe95897da','0','false'),('2c90b5a75b04655d015b0466edbc00b4','e20458e4055611e794f328cfe95897da','调味品','a2e96c3f055411e794f328cfe95897da','0','false'),('2c90b5a75b04655d015b0466edc900b5','ae3fe6b3055411e794f328cfe95897da','农副加工','0','0','true'),('2c90b5a75b04655d015b0466edcf00b6','0602f9e8055711e794f328cfe95897da','酒茶冲饮','ae3fe6b3055411e794f328cfe95897da','0','false'),('2c90b5a75b04655d015b0466edd600b7','14f47472055711e794f328cfe95897da','肉类水产加工','ae3fe6b3055411e794f328cfe95897da','0','false'),('2c90b5a75b04655d015b0466ede000b8','2d4d44ef055711e794f328cfe95897da','蔬果加工','ae3fe6b3055411e794f328cfe95897da','0','false'),('2c90b5a75b04655d015b0466ede700b9','34382d56055711e794f328cfe95897da','肉蛋奶','ae3fe6b3055411e794f328cfe95897da','0','false'),('2c90b5a75b04655d015b0466edeb00ba','cb6a5d51055411e794f328cfe95897da','农资农机','0','0','true'),('2c90b5a75b04655d015b0466edef00bb','4fce9cd3055711e794f328cfe95897da','农资','cb6a5d51055411e794f328cfe95897da','0','false'),('2c90b5a75b04655d015b0466edf500bc','56d0786b055711e794f328cfe95897da','农机','cb6a5d51055411e794f328cfe95897da','0','false'),('2c90b5a75b04655d015b04677bb700bd','saaas','test','0','0','false'),('2c90b5a75b04655d015b04677bbc00be','8d47ae65055411e794f328cfe95897da','水果蔬菜','0','0','true'),('2c90b5a75b04655d015b04677bc300bf','06298c30055611e794f328cfe95897da','水果','8d47ae65055411e794f328cfe95897da','0','false'),('2c90b5a75b04655d015b04677bcb00c0','16cd624f055611e794f328cfe95897da','蔬菜','8d47ae65055411e794f328cfe95897da','0','false'),('2c90b5a75b04655d015b04677bd300c1','9bd015ec055411e794f328cfe95897da','畜牧水产','0','0','true'),('2c90b5a75b04655d015b04677bdd00c2','7711eefd055611e794f328cfe95897da','特种类','9bd015ec055411e794f328cfe95897da','0','false'),('2c90b5a75b04655d015b04677be800c3','8a1fad9e055611e794f328cfe95897da','禽畜类','9bd015ec055411e794f328cfe95897da','0','false'),('2c90b5a75b04655d015b04677bed00c4','9338f793055611e794f328cfe95897da','水产类','9bd015ec055411e794f328cfe95897da','0','false'),('2c90b5a75b04655d015b04677bf300c5','a835683a055611e794f328cfe95897da','繁育种苗','9bd015ec055411e794f328cfe95897da','0','false'),('2c90b5a75b04655d015b04677bf900c6','a2e96c3f055411e794f328cfe95897da','粮油米面','0','0','true'),('2c90b5a75b04655d015b04677c0400c7','cfe2e067055611e794f328cfe95897da','五谷杂粮','a2e96c3f055411e794f328cfe95897da','0','false'),('2c90b5a75b04655d015b04677c0b00c8','d6d645cd055611e794f328cfe95897da','食用油','a2e96c3f055411e794f328cfe95897da','0','false'),('2c90b5a75b04655d015b04677c1200c9','e20458e4055611e794f328cfe95897da','调味品','a2e96c3f055411e794f328cfe95897da','0','false'),('2c90b5a75b04655d015b04677c1800ca','ae3fe6b3055411e794f328cfe95897da','农副加工','0','0','true'),('2c90b5a75b04655d015b04677c1e00cb','0602f9e8055711e794f328cfe95897da','酒茶冲饮','ae3fe6b3055411e794f328cfe95897da','0','false'),('2c90b5a75b04655d015b04677c2800cc','14f47472055711e794f328cfe95897da','肉类水产加工','ae3fe6b3055411e794f328cfe95897da','0','false'),('2c90b5a75b04655d015b04677c2e00cd','2d4d44ef055711e794f328cfe95897da','蔬果加工','ae3fe6b3055411e794f328cfe95897da','0','false'),('2c90b5a75b04655d015b04677c3700ce','34382d56055711e794f328cfe95897da','肉蛋奶','ae3fe6b3055411e794f328cfe95897da','0','false'),('2c90b5a75b04655d015b04677c3d00cf','cb6a5d51055411e794f328cfe95897da','农资农机','0','0','true'),('2c90b5a75b04655d015b04677c4300d0','4fce9cd3055711e794f328cfe95897da','农资','cb6a5d51055411e794f328cfe95897da','0','false'),('2c90b5a75b04655d015b04677c4c00d1','56d0786b055711e794f328cfe95897da','农机','cb6a5d51055411e794f328cfe95897da','0','false'),('2c90b5a75b04655d015b0467f90f00d2','saaas','test','0','0','false'),('2c90b5a75b04655d015b0467f91200d3','8d47ae65055411e794f328cfe95897da','水果蔬菜','0','0','true'),('2c90b5a75b04655d015b0467f91700d4','06298c30055611e794f328cfe95897da','水果','8d47ae65055411e794f328cfe95897da','0','false'),('2c90b5a75b04655d015b0467f91d00d5','16cd624f055611e794f328cfe95897da','蔬菜','8d47ae65055411e794f328cfe95897da','0','false'),('2c90b5a75b04655d015b0467f92100d6','9bd015ec055411e794f328cfe95897da','畜牧水产','0','0','true'),('2c90b5a75b04655d015b0467f92500d7','7711eefd055611e794f328cfe95897da','特种类','9bd015ec055411e794f328cfe95897da','0','false'),('2c90b5a75b04655d015b0467f92a00d8','8a1fad9e055611e794f328cfe95897da','禽畜类','9bd015ec055411e794f328cfe95897da','0','false'),('2c90b5a75b04655d015b0467f93000d9','9338f793055611e794f328cfe95897da','水产类','9bd015ec055411e794f328cfe95897da','0','false'),('2c90b5a75b04655d015b0467f93400da','a835683a055611e794f328cfe95897da','繁育种苗','9bd015ec055411e794f328cfe95897da','0','false'),('2c90b5a75b04655d015b0467f93800db','a2e96c3f055411e794f328cfe95897da','粮油米面','0','0','true'),('2c90b5a75b04655d015b0467f93e00dc','cfe2e067055611e794f328cfe95897da','五谷杂粮','a2e96c3f055411e794f328cfe95897da','0','false'),('2c90b5a75b04655d015b0467f94200dd','d6d645cd055611e794f328cfe95897da','食用油','a2e96c3f055411e794f328cfe95897da','0','false'),('2c90b5a75b04655d015b0467f94600de','e20458e4055611e794f328cfe95897da','调味品','a2e96c3f055411e794f328cfe95897da','0','false'),('2c90b5a75b04655d015b0467f94c00df','ae3fe6b3055411e794f328cfe95897da','农副加工','0','0','true'),('2c90b5a75b04655d015b0467f95300e0','0602f9e8055711e794f328cfe95897da','酒茶冲饮','ae3fe6b3055411e794f328cfe95897da','0','false'),('2c90b5a75b04655d015b0467f95700e1','14f47472055711e794f328cfe95897da','肉类水产加工','ae3fe6b3055411e794f328cfe95897da','0','false'),('2c90b5a75b04655d015b0467f95c00e2','2d4d44ef055711e794f328cfe95897da','蔬果加工','ae3fe6b3055411e794f328cfe95897da','0','false'),('2c90b5a75b04655d015b0467f96000e3','34382d56055711e794f328cfe95897da','肉蛋奶','ae3fe6b3055411e794f328cfe95897da','0','false'),('2c90b5a75b04655d015b0467f96400e4','cb6a5d51055411e794f328cfe95897da','农资农机','0','0','true'),('2c90b5a75b04655d015b0467f96900e5','4fce9cd3055711e794f328cfe95897da','农资','cb6a5d51055411e794f328cfe95897da','0','false'),('2c90b5a75b04655d015b0467f96e00e6','56d0786b055711e794f328cfe95897da','农机','cb6a5d51055411e794f328cfe95897da','0','false'),('2c90b5a75b04655d015b046985bb00e7','saaas','test','0','0','false'),('2c90b5a75b04655d015b046985c100e8','8d47ae65055411e794f328cfe95897da','水果蔬菜','0','0','true'),('2c90b5a75b04655d015b046985c500e9','06298c30055611e794f328cfe95897da','水果','8d47ae65055411e794f328cfe95897da','0','false'),('2c90b5a75b04655d015b046985cb00ea','16cd624f055611e794f328cfe95897da','蔬菜','8d47ae65055411e794f328cfe95897da','0','false'),('2c90b5a75b04655d015b046985cf00eb','9bd015ec055411e794f328cfe95897da','畜牧水产','0','0','true'),('2c90b5a75b04655d015b046985d400ec','7711eefd055611e794f328cfe95897da','特种类','9bd015ec055411e794f328cfe95897da','0','false'),('2c90b5a75b04655d015b046985d900ed','8a1fad9e055611e794f328cfe95897da','禽畜类','9bd015ec055411e794f328cfe95897da','0','false'),('2c90b5a75b04655d015b046985dd00ee','9338f793055611e794f328cfe95897da','水产类','9bd015ec055411e794f328cfe95897da','0','false'),('2c90b5a75b04655d015b046985e300ef','a835683a055611e794f328cfe95897da','繁育种苗','9bd015ec055411e794f328cfe95897da','0','false'),('2c90b5a75b04655d015b046985e900f0','a2e96c3f055411e794f328cfe95897da','粮油米面','0','0','true'),('2c90b5a75b04655d015b046985f800f1','cfe2e067055611e794f328cfe95897da','五谷杂粮','a2e96c3f055411e794f328cfe95897da','0','false'),('2c90b5a75b04655d015b046985fe00f2','d6d645cd055611e794f328cfe95897da','食用油','a2e96c3f055411e794f328cfe95897da','0','false'),('2c90b5a75b04655d015b0469860500f3','e20458e4055611e794f328cfe95897da','调味品','a2e96c3f055411e794f328cfe95897da','0','false'),('2c90b5a75b04655d015b0469860a00f4','ae3fe6b3055411e794f328cfe95897da','农副加工','0','0','true'),('2c90b5a75b04655d015b0469860f00f5','0602f9e8055711e794f328cfe95897da','酒茶冲饮','ae3fe6b3055411e794f328cfe95897da','0','false'),('2c90b5a75b04655d015b0469861300f6','14f47472055711e794f328cfe95897da','肉类水产加工','ae3fe6b3055411e794f328cfe95897da','0','false'),('2c90b5a75b04655d015b0469861700f7','2d4d44ef055711e794f328cfe95897da','蔬果加工','ae3fe6b3055411e794f328cfe95897da','0','false'),('2c90b5a75b04655d015b0469861d00f8','34382d56055711e794f328cfe95897da','肉蛋奶','ae3fe6b3055411e794f328cfe95897da','0','false'),('2c90b5a75b04655d015b0469862500f9','cb6a5d51055411e794f328cfe95897da','农资农机','0','0','true'),('2c90b5a75b04655d015b0469862d00fa','4fce9cd3055711e794f328cfe95897da','农资','cb6a5d51055411e794f328cfe95897da','0','false'),('2c90b5a75b04655d015b0469863200fb','56d0786b055711e794f328cfe95897da','农机','cb6a5d51055411e794f328cfe95897da','0','false'),('2c90b5a75b04655d015b0469df3e00fc','saaas','test','0','0','false'),('2c90b5a75b04655d015b0469df4500fd','8d47ae65055411e794f328cfe95897da','水果蔬菜','0','0','true'),('2c90b5a75b04655d015b0469df4b00fe','06298c30055611e794f328cfe95897da','水果','8d47ae65055411e794f328cfe95897da','0','false'),('2c90b5a75b04655d015b0469df5300ff','16cd624f055611e794f328cfe95897da','蔬菜','8d47ae65055411e794f328cfe95897da','0','false'),('2c90b5a75b04655d015b0469df5b0100','9bd015ec055411e794f328cfe95897da','畜牧水产','0','0','true'),('2c90b5a75b04655d015b0469df610101','7711eefd055611e794f328cfe95897da','特种类','9bd015ec055411e794f328cfe95897da','0','false'),('2c90b5a75b04655d015b0469df680102','8a1fad9e055611e794f328cfe95897da','禽畜类','9bd015ec055411e794f328cfe95897da','0','false'),('2c90b5a75b04655d015b0469df6d0103','9338f793055611e794f328cfe95897da','水产类','9bd015ec055411e794f328cfe95897da','0','false'),('2c90b5a75b04655d015b0469df740104','a835683a055611e794f328cfe95897da','繁育种苗','9bd015ec055411e794f328cfe95897da','0','false'),('2c90b5a75b04655d015b0469df790105','a2e96c3f055411e794f328cfe95897da','粮油米面','0','0','true'),('2c90b5a75b04655d015b0469df7d0106','cfe2e067055611e794f328cfe95897da','五谷杂粮','a2e96c3f055411e794f328cfe95897da','0','false'),('2c90b5a75b04655d015b0469df830107','d6d645cd055611e794f328cfe95897da','食用油','a2e96c3f055411e794f328cfe95897da','0','false'),('2c90b5a75b04655d015b0469df890108','e20458e4055611e794f328cfe95897da','调味品','a2e96c3f055411e794f328cfe95897da','0','false'),('2c90b5a75b04655d015b0469df8c0109','ae3fe6b3055411e794f328cfe95897da','农副加工','0','0','true'),('2c90b5a75b04655d015b0469df90010a','0602f9e8055711e794f328cfe95897da','酒茶冲饮','ae3fe6b3055411e794f328cfe95897da','0','false'),('2c90b5a75b04655d015b0469df96010b','14f47472055711e794f328cfe95897da','肉类水产加工','ae3fe6b3055411e794f328cfe95897da','0','false'),('2c90b5a75b04655d015b0469df9b010c','2d4d44ef055711e794f328cfe95897da','蔬果加工','ae3fe6b3055411e794f328cfe95897da','0','false'),('2c90b5a75b04655d015b0469dfa0010d','34382d56055711e794f328cfe95897da','肉蛋奶','ae3fe6b3055411e794f328cfe95897da','0','false'),('2c90b5a75b04655d015b0469dfa8010e','cb6a5d51055411e794f328cfe95897da','农资农机','0','0','true'),('2c90b5a75b04655d015b0469dfac010f','4fce9cd3055711e794f328cfe95897da','农资','cb6a5d51055411e794f328cfe95897da','0','false'),('2c90b5a75b04655d015b0469dfb20110','56d0786b055711e794f328cfe95897da','农机','cb6a5d51055411e794f328cfe95897da','0','false'),('2c90b5a75b04655d015b046a0a4d0111','saaas','test','0','0','false'),('2c90b5a75b04655d015b046a0a530112','8d47ae65055411e794f328cfe95897da','水果蔬菜','0','0','true'),('2c90b5a75b04655d015b046a0a5a0113','06298c30055611e794f328cfe95897da','水果','8d47ae65055411e794f328cfe95897da','0','false'),('2c90b5a75b04655d015b046a0a600114','16cd624f055611e794f328cfe95897da','蔬菜','8d47ae65055411e794f328cfe95897da','0','false'),('2c90b5a75b04655d015b046a0a670115','9bd015ec055411e794f328cfe95897da','畜牧水产','0','0','true'),('2c90b5a75b04655d015b046a0a6f0116','7711eefd055611e794f328cfe95897da','特种类','9bd015ec055411e794f328cfe95897da','0','false'),('2c90b5a75b04655d015b046a0a770117','8a1fad9e055611e794f328cfe95897da','禽畜类','9bd015ec055411e794f328cfe95897da','0','false'),('2c90b5a75b04655d015b046a0a800118','9338f793055611e794f328cfe95897da','水产类','9bd015ec055411e794f328cfe95897da','0','false'),('2c90b5a75b04655d015b046a0a860119','a835683a055611e794f328cfe95897da','繁育种苗','9bd015ec055411e794f328cfe95897da','0','false'),('2c90b5a75b04655d015b046a0a8b011a','a2e96c3f055411e794f328cfe95897da','粮油米面','0','0','true'),('2c90b5a75b04655d015b046a0a91011b','cfe2e067055611e794f328cfe95897da','五谷杂粮','a2e96c3f055411e794f328cfe95897da','0','false'),('2c90b5a75b04655d015b046a0a98011c','d6d645cd055611e794f328cfe95897da','食用油','a2e96c3f055411e794f328cfe95897da','0','false'),('2c90b5a75b04655d015b046a0a9f011d','e20458e4055611e794f328cfe95897da','调味品','a2e96c3f055411e794f328cfe95897da','0','false'),('2c90b5a75b04655d015b046a0aa7011e','ae3fe6b3055411e794f328cfe95897da','农副加工','0','0','true'),('2c90b5a75b04655d015b046a0aac011f','0602f9e8055711e794f328cfe95897da','酒茶冲饮','ae3fe6b3055411e794f328cfe95897da','0','false'),('2c90b5a75b04655d015b046a0ab40120','14f47472055711e794f328cfe95897da','肉类水产加工','ae3fe6b3055411e794f328cfe95897da','0','false'),('2c90b5a75b04655d015b046a0aba0121','2d4d44ef055711e794f328cfe95897da','蔬果加工','ae3fe6b3055411e794f328cfe95897da','0','false'),('2c90b5a75b04655d015b046a0abe0122','34382d56055711e794f328cfe95897da','肉蛋奶','ae3fe6b3055411e794f328cfe95897da','0','false'),('2c90b5a75b04655d015b046a0ac40123','cb6a5d51055411e794f328cfe95897da','农资农机','0','0','true'),('2c90b5a75b04655d015b046a0ac90124','4fce9cd3055711e794f328cfe95897da','农资','cb6a5d51055411e794f328cfe95897da','0','false'),('2c90b5a75b04655d015b046a0ace0125','56d0786b055711e794f328cfe95897da','农机','cb6a5d51055411e794f328cfe95897da','0','false'),('2c90b5a75b04655d015b046e1b4f0126','saaas','test','0','0','false'),('2c90b5a75b04655d015b046e1b5a0127','8d47ae65055411e794f328cfe95897da','水果蔬菜','0','0','true'),('2c90b5a75b04655d015b046e1b600128','06298c30055611e794f328cfe95897da','水果','8d47ae65055411e794f328cfe95897da','0','false'),('2c90b5a75b04655d015b046e1b660129','16cd624f055611e794f328cfe95897da','蔬菜','8d47ae65055411e794f328cfe95897da','0','false'),('2c90b5a75b04655d015b046e1b6c012a','9bd015ec055411e794f328cfe95897da','畜牧水产','0','0','true'),('2c90b5a75b04655d015b046e1b70012b','7711eefd055611e794f328cfe95897da','特种类','9bd015ec055411e794f328cfe95897da','0','false'),('2c90b5a75b04655d015b046e1b74012c','8a1fad9e055611e794f328cfe95897da','禽畜类','9bd015ec055411e794f328cfe95897da','0','false'),('2c90b5a75b04655d015b046e1b79012d','9338f793055611e794f328cfe95897da','水产类','9bd015ec055411e794f328cfe95897da','0','false'),('2c90b5a75b04655d015b046e1b7e012e','a835683a055611e794f328cfe95897da','繁育种苗','9bd015ec055411e794f328cfe95897da','0','false'),('2c90b5a75b04655d015b046e1b82012f','a2e96c3f055411e794f328cfe95897da','粮油米面','0','0','true'),('2c90b5a75b04655d015b046e1b870130','cfe2e067055611e794f328cfe95897da','五谷杂粮','a2e96c3f055411e794f328cfe95897da','0','false'),('2c90b5a75b04655d015b046e1b8c0131','d6d645cd055611e794f328cfe95897da','食用油','a2e96c3f055411e794f328cfe95897da','0','false'),('2c90b5a75b04655d015b046e1b8f0132','e20458e4055611e794f328cfe95897da','调味品','a2e96c3f055411e794f328cfe95897da','0','false'),('2c90b5a75b04655d015b046e1b930133','ae3fe6b3055411e794f328cfe95897da','农副加工','0','0','true'),('2c90b5a75b04655d015b046e1b960134','0602f9e8055711e794f328cfe95897da','酒茶冲饮','ae3fe6b3055411e794f328cfe95897da','0','false'),('2c90b5a75b04655d015b046e1b9a0135','14f47472055711e794f328cfe95897da','肉类水产加工','ae3fe6b3055411e794f328cfe95897da','0','false'),('2c90b5a75b04655d015b046e1ba00136','2d4d44ef055711e794f328cfe95897da','蔬果加工','ae3fe6b3055411e794f328cfe95897da','0','false'),('2c90b5a75b04655d015b046e1ba30137','34382d56055711e794f328cfe95897da','肉蛋奶','ae3fe6b3055411e794f328cfe95897da','0','false'),('2c90b5a75b04655d015b046e1ba70138','cb6a5d51055411e794f328cfe95897da','农资农机','0','0','true'),('2c90b5a75b04655d015b046e1bac0139','4fce9cd3055711e794f328cfe95897da','农资','cb6a5d51055411e794f328cfe95897da','0','false'),('2c90b5a75b04655d015b046e1bb0013a','56d0786b055711e794f328cfe95897da','农机','cb6a5d51055411e794f328cfe95897da','0','false'),('2c90b5a75b04655d015b046ecb34013b','saaas','test','0','0','false'),('2c90b5a75b04655d015b046ecb3b013c','8d47ae65055411e794f328cfe95897da','水果蔬菜','0','0','true'),('2c90b5a75b04655d015b046ecb3f013d','06298c30055611e794f328cfe95897da','水果','8d47ae65055411e794f328cfe95897da','0','false'),('2c90b5a75b04655d015b046ecb45013e','16cd624f055611e794f328cfe95897da','蔬菜','8d47ae65055411e794f328cfe95897da','0','false'),('2c90b5a75b04655d015b046ecb4b013f','9bd015ec055411e794f328cfe95897da','畜牧水产','0','0','true'),('2c90b5a75b04655d015b046ecb550140','7711eefd055611e794f328cfe95897da','特种类','9bd015ec055411e794f328cfe95897da','0','false'),('2c90b5a75b04655d015b046ecb5b0141','8a1fad9e055611e794f328cfe95897da','禽畜类','9bd015ec055411e794f328cfe95897da','0','false'),('2c90b5a75b04655d015b046ecb6e0142','9338f793055611e794f328cfe95897da','水产类','9bd015ec055411e794f328cfe95897da','0','false'),('2c90b5a75b04655d015b046ecb770143','a835683a055611e794f328cfe95897da','繁育种苗','9bd015ec055411e794f328cfe95897da','0','false'),('2c90b5a75b04655d015b046ecb7d0144','a2e96c3f055411e794f328cfe95897da','粮油米面','0','0','true'),('2c90b5a75b04655d015b046ecb810145','cfe2e067055611e794f328cfe95897da','五谷杂粮','a2e96c3f055411e794f328cfe95897da','0','false'),('2c90b5a75b04655d015b046ecb860146','d6d645cd055611e794f328cfe95897da','食用油','a2e96c3f055411e794f328cfe95897da','0','false'),('2c90b5a75b04655d015b046ecb8d0147','e20458e4055611e794f328cfe95897da','调味品','a2e96c3f055411e794f328cfe95897da','0','false'),('2c90b5a75b04655d015b046ecb910148','ae3fe6b3055411e794f328cfe95897da','农副加工','0','0','true'),('2c90b5a75b04655d015b046ecb950149','0602f9e8055711e794f328cfe95897da','酒茶冲饮','ae3fe6b3055411e794f328cfe95897da','0','false'),('2c90b5a75b04655d015b046ecb98014a','14f47472055711e794f328cfe95897da','肉类水产加工','ae3fe6b3055411e794f328cfe95897da','0','false'),('2c90b5a75b04655d015b046ecb9d014b','2d4d44ef055711e794f328cfe95897da','蔬果加工','ae3fe6b3055411e794f328cfe95897da','0','false'),('2c90b5a75b04655d015b046ecba1014c','34382d56055711e794f328cfe95897da','肉蛋奶','ae3fe6b3055411e794f328cfe95897da','0','false'),('2c90b5a75b04655d015b046ecba7014d','cb6a5d51055411e794f328cfe95897da','农资农机','0','0','true'),('2c90b5a75b04655d015b046ecbab014e','4fce9cd3055711e794f328cfe95897da','农资','cb6a5d51055411e794f328cfe95897da','0','false'),('2c90b5a75b04655d015b046ecbb0014f','56d0786b055711e794f328cfe95897da','农机','cb6a5d51055411e794f328cfe95897da','0','false'),('2c90b5a75b04655d015b0470a5920150','saaas','test','0','0','false'),('2c90b5a75b04655d015b0470a5970151','8d47ae65055411e794f328cfe95897da','水果蔬菜','0','0','true'),('2c90b5a75b04655d015b0470a5a10152','06298c30055611e794f328cfe95897da','水果','8d47ae65055411e794f328cfe95897da','0','false'),('2c90b5a75b04655d015b0470a5a60153','16cd624f055611e794f328cfe95897da','蔬菜','8d47ae65055411e794f328cfe95897da','0','false'),('2c90b5a75b04655d015b0470a5ab0154','9bd015ec055411e794f328cfe95897da','畜牧水产','0','0','true'),('2c90b5a75b04655d015b0470a5af0155','7711eefd055611e794f328cfe95897da','特种类','9bd015ec055411e794f328cfe95897da','0','false'),('2c90b5a75b04655d015b0470a5b40156','8a1fad9e055611e794f328cfe95897da','禽畜类','9bd015ec055411e794f328cfe95897da','0','false'),('2c90b5a75b04655d015b0470a5b80157','9338f793055611e794f328cfe95897da','水产类','9bd015ec055411e794f328cfe95897da','0','false'),('2c90b5a75b04655d015b0470a5be0158','a835683a055611e794f328cfe95897da','繁育种苗','9bd015ec055411e794f328cfe95897da','0','false'),('2c90b5a75b04655d015b0470a5c20159','a2e96c3f055411e794f328cfe95897da','粮油米面','0','0','true'),('2c90b5a75b04655d015b0470a5c7015a','cfe2e067055611e794f328cfe95897da','五谷杂粮','a2e96c3f055411e794f328cfe95897da','0','false'),('2c90b5a75b04655d015b0470a5cc015b','d6d645cd055611e794f328cfe95897da','食用油','a2e96c3f055411e794f328cfe95897da','0','false'),('2c90b5a75b04655d015b0470a5d0015c','e20458e4055611e794f328cfe95897da','调味品','a2e96c3f055411e794f328cfe95897da','0','false'),('2c90b5a75b04655d015b0470a5d4015d','ae3fe6b3055411e794f328cfe95897da','农副加工','0','0','true'),('2c90b5a75b04655d015b0470a5d8015e','0602f9e8055711e794f328cfe95897da','酒茶冲饮','ae3fe6b3055411e794f328cfe95897da','0','false'),('2c90b5a75b04655d015b0470a5dc015f','14f47472055711e794f328cfe95897da','肉类水产加工','ae3fe6b3055411e794f328cfe95897da','0','false'),('2c90b5a75b04655d015b0470a5e00160','2d4d44ef055711e794f328cfe95897da','蔬果加工','ae3fe6b3055411e794f328cfe95897da','0','false'),('2c90b5a75b04655d015b0470a5e50161','34382d56055711e794f328cfe95897da','肉蛋奶','ae3fe6b3055411e794f328cfe95897da','0','false'),('2c90b5a75b04655d015b0470a5e90162','cb6a5d51055411e794f328cfe95897da','农资农机','0','0','true'),('2c90b5a75b04655d015b0470a5ee0163','4fce9cd3055711e794f328cfe95897da','农资','cb6a5d51055411e794f328cfe95897da','0','false'),('2c90b5a75b04655d015b0470a5f40164','56d0786b055711e794f328cfe95897da','农机','cb6a5d51055411e794f328cfe95897da','0','false'),('2c90b5a75b04655d015b04720bc10165','saaas','test','0','0','false'),('2c90b5a75b04655d015b04720bc60166','8d47ae65055411e794f328cfe95897da','水果蔬菜','0','0','true'),('2c90b5a75b04655d015b04720bcc0167','06298c30055611e794f328cfe95897da','水果','8d47ae65055411e794f328cfe95897da','0','false'),('2c90b5a75b04655d015b04720bcf0168','16cd624f055611e794f328cfe95897da','蔬菜','8d47ae65055411e794f328cfe95897da','0','false'),('2c90b5a75b04655d015b04720bd20169','9bd015ec055411e794f328cfe95897da','畜牧水产','0','0','true'),('2c90b5a75b04655d015b04720bd9016a','7711eefd055611e794f328cfe95897da','特种类','9bd015ec055411e794f328cfe95897da','0','false'),('2c90b5a75b04655d015b04720bdf016b','8a1fad9e055611e794f328cfe95897da','禽畜类','9bd015ec055411e794f328cfe95897da','0','false'),('2c90b5a75b04655d015b04720be3016c','9338f793055611e794f328cfe95897da','水产类','9bd015ec055411e794f328cfe95897da','0','false'),('2c90b5a75b04655d015b04720be8016d','a835683a055611e794f328cfe95897da','繁育种苗','9bd015ec055411e794f328cfe95897da','0','false'),('2c90b5a75b04655d015b04720bed016e','a2e96c3f055411e794f328cfe95897da','粮油米面','0','0','true'),('2c90b5a75b04655d015b04720bf1016f','cfe2e067055611e794f328cfe95897da','五谷杂粮','a2e96c3f055411e794f328cfe95897da','0','false'),('2c90b5a75b04655d015b04720bf40170','d6d645cd055611e794f328cfe95897da','食用油','a2e96c3f055411e794f328cfe95897da','0','false'),('2c90b5a75b04655d015b04720bfa0171','e20458e4055611e794f328cfe95897da','调味品','a2e96c3f055411e794f328cfe95897da','0','false'),('2c90b5a75b04655d015b04720c010172','ae3fe6b3055411e794f328cfe95897da','农副加工','0','0','true'),('2c90b5a75b04655d015b04720c050173','0602f9e8055711e794f328cfe95897da','酒茶冲饮','ae3fe6b3055411e794f328cfe95897da','0','false'),('2c90b5a75b04655d015b04720c0b0174','14f47472055711e794f328cfe95897da','肉类水产加工','ae3fe6b3055411e794f328cfe95897da','0','false'),('2c90b5a75b04655d015b04720c100175','2d4d44ef055711e794f328cfe95897da','蔬果加工','ae3fe6b3055411e794f328cfe95897da','0','false'),('2c90b5a75b04655d015b04720c140176','34382d56055711e794f328cfe95897da','肉蛋奶','ae3fe6b3055411e794f328cfe95897da','0','false'),('2c90b5a75b04655d015b04720c190177','cb6a5d51055411e794f328cfe95897da','农资农机','0','0','true'),('2c90b5a75b04655d015b04720c1e0178','4fce9cd3055711e794f328cfe95897da','农资','cb6a5d51055411e794f328cfe95897da','0','false'),('2c90b5a75b04655d015b04720c230179','56d0786b055711e794f328cfe95897da','农机1','cb6a5d51055411e794f328cfe95897da','0','false'),('2c90b5a75b04655d015b0472a89e017a','saaas','test','0','0','false'),('2c90b5a75b04655d015b0472a8a3017b','8d47ae65055411e794f328cfe95897da','水果蔬菜','0','0','true'),('2c90b5a75b04655d015b0472a8a7017c','06298c30055611e794f328cfe95897da','水果','8d47ae65055411e794f328cfe95897da','0','false'),('2c90b5a75b04655d015b0472a8ab017d','16cd624f055611e794f328cfe95897da','蔬菜','8d47ae65055411e794f328cfe95897da','0','false'),('2c90b5a75b04655d015b0472a8af017e','9bd015ec055411e794f328cfe95897da','畜牧水产','0','0','true'),('2c90b5a75b04655d015b0472a8b5017f','7711eefd055611e794f328cfe95897da','特种类','9bd015ec055411e794f328cfe95897da','0','false'),('2c90b5a75b04655d015b0472a8bc0180','8a1fad9e055611e794f328cfe95897da','禽畜类','9bd015ec055411e794f328cfe95897da','0','false'),('2c90b5a75b04655d015b0472a8c20181','9338f793055611e794f328cfe95897da','水产类','9bd015ec055411e794f328cfe95897da','0','false'),('2c90b5a75b04655d015b0472a8c70182','a835683a055611e794f328cfe95897da','繁育种苗','9bd015ec055411e794f328cfe95897da','0','false'),('2c90b5a75b04655d015b0472a8cb0183','a2e96c3f055411e794f328cfe95897da','粮油米面','0','0','true'),('2c90b5a75b04655d015b0472a8cf0184','cfe2e067055611e794f328cfe95897da','五谷杂粮','a2e96c3f055411e794f328cfe95897da','0','false'),('2c90b5a75b04655d015b0472a8d50185','d6d645cd055611e794f328cfe95897da','食用油','a2e96c3f055411e794f328cfe95897da','0','false'),('2c90b5a75b04655d015b0472a8da0186','e20458e4055611e794f328cfe95897da','调味品','a2e96c3f055411e794f328cfe95897da','0','false'),('2c90b5a75b04655d015b0472a8df0187','ae3fe6b3055411e794f328cfe95897da','农副加工','0','0','true'),('2c90b5a75b04655d015b0472a8e50188','0602f9e8055711e794f328cfe95897da','酒茶冲饮','ae3fe6b3055411e794f328cfe95897da','0','false'),('2c90b5a75b04655d015b0472a8ea0189','14f47472055711e794f328cfe95897da','肉类水产加工','ae3fe6b3055411e794f328cfe95897da','0','false'),('2c90b5a75b04655d015b0472a8ee018a','2d4d44ef055711e794f328cfe95897da','蔬果加工','ae3fe6b3055411e794f328cfe95897da','0','false'),('2c90b5a75b04655d015b0472a8f3018b','34382d56055711e794f328cfe95897da','肉蛋奶','ae3fe6b3055411e794f328cfe95897da','0','false'),('2c90b5a75b04655d015b0472a8f7018c','cb6a5d51055411e794f328cfe95897da','农资农机','0','0','true'),('2c90b5a75b04655d015b0472a8fb018d','4fce9cd3055711e794f328cfe95897da','农资','cb6a5d51055411e794f328cfe95897da','0','false'),('2c90b5a75b04655d015b0472a8fe018e','56d0786b055711e794f328cfe95897da','农机','cb6a5d51055411e794f328cfe95897da','0','false'),('2c90b5a75b04655d015b0472c909018f','saaas','test','0','0','false'),('2c90b5a75b04655d015b0472c90e0190','8d47ae65055411e794f328cfe95897da','水果蔬菜','0','0','true'),('2c90b5a75b04655d015b0472c9110191','06298c30055611e794f328cfe95897da','水果','8d47ae65055411e794f328cfe95897da','0','false'),('2c90b5a75b04655d015b0472c9150192','16cd624f055611e794f328cfe95897da','蔬菜','8d47ae65055411e794f328cfe95897da','0','false'),('2c90b5a75b04655d015b0472c91a0193','9bd015ec055411e794f328cfe95897da','畜牧水产','0','0','true'),('2c90b5a75b04655d015b0472c91f0194','7711eefd055611e794f328cfe95897da','特种类','9bd015ec055411e794f328cfe95897da','0','false'),('2c90b5a75b04655d015b0472c9250195','8a1fad9e055611e794f328cfe95897da','禽畜类','9bd015ec055411e794f328cfe95897da','0','false'),('2c90b5a75b04655d015b0472c92b0196','9338f793055611e794f328cfe95897da','水产类','9bd015ec055411e794f328cfe95897da','0','false'),('2c90b5a75b04655d015b0472c92f0197','a835683a055611e794f328cfe95897da','繁育种苗','9bd015ec055411e794f328cfe95897da','0','false'),('2c90b5a75b04655d015b0472c9340198','cfe2e067055611e794f328cfe95897da','五谷杂粮','9bd015ec055411e794f328cfe95897da','0','false'),('2c90b5a75b04655d015b0472c93b0199','a2e96c3f055411e794f328cfe95897da','粮油米面','0','0','true'),('2c90b5a75b04655d015b0472c940019a','d6d645cd055611e794f328cfe95897da','食用油','a2e96c3f055411e794f328cfe95897da','0','false'),('2c90b5a75b04655d015b0472c944019b','e20458e4055611e794f328cfe95897da','调味品','a2e96c3f055411e794f328cfe95897da','0','false'),('2c90b5a75b04655d015b0472c949019c','ae3fe6b3055411e794f328cfe95897da','农副加工','0','0','true'),('2c90b5a75b04655d015b0472c94d019d','0602f9e8055711e794f328cfe95897da','酒茶冲饮','ae3fe6b3055411e794f328cfe95897da','0','false'),('2c90b5a75b04655d015b0472c951019e','14f47472055711e794f328cfe95897da','肉类水产加工','ae3fe6b3055411e794f328cfe95897da','0','false'),('2c90b5a75b04655d015b0472c955019f','2d4d44ef055711e794f328cfe95897da','蔬果加工','ae3fe6b3055411e794f328cfe95897da','0','false'),('2c90b5a75b04655d015b0472c95d01a0','34382d56055711e794f328cfe95897da','肉蛋奶','ae3fe6b3055411e794f328cfe95897da','0','false'),('2c90b5a75b04655d015b0472c96301a1','cb6a5d51055411e794f328cfe95897da','农资农机','0','0','true'),('2c90b5a75b04655d015b0472c96901a2','4fce9cd3055711e794f328cfe95897da','农资','cb6a5d51055411e794f328cfe95897da','0','false'),('2c90b5a75b04655d015b0472c96e01a3','56d0786b055711e794f328cfe95897da','农机','cb6a5d51055411e794f328cfe95897da','0','false'),('2c90b5a75b04655d015b0472dd4301a4','saaas','test','0','0','false'),('2c90b5a75b04655d015b0472dd4701a5','8d47ae65055411e794f328cfe95897da','水果蔬菜','0','0','true'),('2c90b5a75b04655d015b0472dd4c01a6','06298c30055611e794f328cfe95897da','水果','8d47ae65055411e794f328cfe95897da','0','false'),('2c90b5a75b04655d015b0472dd5601a7','16cd624f055611e794f328cfe95897da','蔬菜','8d47ae65055411e794f328cfe95897da','0','false'),('2c90b5a75b04655d015b0472dd5c01a8','9bd015ec055411e794f328cfe95897da','畜牧水产','0','0','true'),('2c90b5a75b04655d015b0472dd6201a9','7711eefd055611e794f328cfe95897da','特种类','9bd015ec055411e794f328cfe95897da','0','false'),('2c90b5a75b04655d015b0472dd6901aa','8a1fad9e055611e794f328cfe95897da','禽畜类','9bd015ec055411e794f328cfe95897da','0','false'),('2c90b5a75b04655d015b0472dd7101ab','9338f793055611e794f328cfe95897da','水产类','9bd015ec055411e794f328cfe95897da','0','false'),('2c90b5a75b04655d015b0472dd7701ac','a835683a055611e794f328cfe95897da','繁育种苗','9bd015ec055411e794f328cfe95897da','0','false'),('2c90b5a75b04655d015b0472dd7d01ad','a2e96c3f055411e794f328cfe95897da','粮油米面','0','0','true'),('2c90b5a75b04655d015b0472dd8301ae','d6d645cd055611e794f328cfe95897da','食用油','a2e96c3f055411e794f328cfe95897da','0','false'),('2c90b5a75b04655d015b0472dd9001af','e20458e4055611e794f328cfe95897da','调味品','a2e96c3f055411e794f328cfe95897da','0','false'),('2c90b5a75b04655d015b0472dd9601b0','cfe2e067055611e794f328cfe95897da','五谷杂粮','a2e96c3f055411e794f328cfe95897da','0','false'),('2c90b5a75b04655d015b0472dd9b01b1','ae3fe6b3055411e794f328cfe95897da','农副加工','0','0','true'),('2c90b5a75b04655d015b0472dda101b2','0602f9e8055711e794f328cfe95897da','酒茶冲饮','ae3fe6b3055411e794f328cfe95897da','0','false'),('2c90b5a75b04655d015b0472dda701b3','14f47472055711e794f328cfe95897da','肉类水产加工','ae3fe6b3055411e794f328cfe95897da','0','false'),('2c90b5a75b04655d015b0472ddaa01b4','2d4d44ef055711e794f328cfe95897da','蔬果加工','ae3fe6b3055411e794f328cfe95897da','0','false'),('2c90b5a75b04655d015b0472ddae01b5','34382d56055711e794f328cfe95897da','肉蛋奶','ae3fe6b3055411e794f328cfe95897da','0','false'),('2c90b5a75b04655d015b0472ddb201b6','cb6a5d51055411e794f328cfe95897da','农资农机','0','0','true'),('2c90b5a75b04655d015b0472ddb601b7','4fce9cd3055711e794f328cfe95897da','农资','cb6a5d51055411e794f328cfe95897da','0','false'),('2c90b5a75b04655d015b0472ddbd01b8','56d0786b055711e794f328cfe95897da','农机','cb6a5d51055411e794f328cfe95897da','0','false'),('2c90b5a75b04655d015b0473106101b9','saaas','test','0','0','false'),('2c90b5a75b04655d015b0473106601ba','8d47ae65055411e794f328cfe95897da','水果蔬菜','0','0','true'),('2c90b5a75b04655d015b0473106901bb','06298c30055611e794f328cfe95897da','水果','8d47ae65055411e794f328cfe95897da','0','false'),('2c90b5a75b04655d015b0473106d01bc','16cd624f055611e794f328cfe95897da','蔬菜','8d47ae65055411e794f328cfe95897da','0','false'),('2c90b5a75b04655d015b0473107201bd','9bd015ec055411e794f328cfe95897da','畜牧水产','0','0','true'),('2c90b5a75b04655d015b0473107701be','7711eefd055611e794f328cfe95897da','特种类','9bd015ec055411e794f328cfe95897da','0','false'),('2c90b5a75b04655d015b0473107b01bf','8a1fad9e055611e794f328cfe95897da','禽畜类','9bd015ec055411e794f328cfe95897da','0','false'),('2c90b5a75b04655d015b0473108201c0','9338f793055611e794f328cfe95897da','水产类','9bd015ec055411e794f328cfe95897da','0','false'),('2c90b5a75b04655d015b0473108801c1','a835683a055611e794f328cfe95897da','繁育种苗','9bd015ec055411e794f328cfe95897da','0','false'),('2c90b5a75b04655d015b0473108c01c2','a2e96c3f055411e794f328cfe95897da','粮油米面','0','0','true'),('2c90b5a75b04655d015b0473109101c3','d6d645cd055611e794f328cfe95897da','食用油','a2e96c3f055411e794f328cfe95897da','0','false'),('2c90b5a75b04655d015b0473109401c4','e20458e4055611e794f328cfe95897da','调味品','a2e96c3f055411e794f328cfe95897da','0','false'),('2c90b5a75b04655d015b0473109801c5','cfe2e067055611e794f328cfe95897da','五谷杂粮','a2e96c3f055411e794f328cfe95897da','0','false'),('2c90b5a75b04655d015b0473109d01c6','ae3fe6b3055411e794f328cfe95897da','农副加工','0','0','true'),('2c90b5a75b04655d015b047310a301c7','0602f9e8055711e794f328cfe95897da','酒茶冲饮','ae3fe6b3055411e794f328cfe95897da','0','false'),('2c90b5a75b04655d015b047310a701c8','14f47472055711e794f328cfe95897da','肉类水产加工','ae3fe6b3055411e794f328cfe95897da','0','false'),('2c90b5a75b04655d015b047310ac01c9','2d4d44ef055711e794f328cfe95897da','蔬果加工','ae3fe6b3055411e794f328cfe95897da','0','false'),('2c90b5a75b04655d015b047310b101ca','34382d56055711e794f328cfe95897da','肉蛋奶','ae3fe6b3055411e794f328cfe95897da','0','false'),('2c90b5a75b04655d015b047310b701cb','cb6a5d51055411e794f328cfe95897da','农资农机','0','0','true'),('2c90b5a75b04655d015b047310bd01cc','4fce9cd3055711e794f328cfe95897da','农资','cb6a5d51055411e794f328cfe95897da','0','false'),('2c90b5a75b04655d015b047310c301cd','56d0786b055711e794f328cfe95897da','农机','cb6a5d51055411e794f328cfe95897da','0','false'),('2c90b5a75b04655d015b047310ca01ce','C9F029269B35E1F25772C13ADEDFC755','123','cb6a5d51055411e794f328cfe95897da','0','false'),('2c90b5a75b04655d015b04732fee01cf','saaas','test','0','1','false'),('2c90b5a75b04655d015b04732ff201d0','8d47ae65055411e794f328cfe95897da','水果蔬菜','0','1','true'),('2c90b5a75b04655d015b04732ff601d1','06298c30055611e794f328cfe95897da','水果','8d47ae65055411e794f328cfe95897da','1','false'),('2c90b5a75b04655d015b04732ffb01d2','16cd624f055611e794f328cfe95897da','蔬菜','8d47ae65055411e794f328cfe95897da','1','false'),('2c90b5a75b04655d015b04732fff01d3','9bd015ec055411e794f328cfe95897da','畜牧水产','0','1','true'),('2c90b5a75b04655d015b0473300201d4','7711eefd055611e794f328cfe95897da','特种类','9bd015ec055411e794f328cfe95897da','1','false'),('2c90b5a75b04655d015b0473300601d5','8a1fad9e055611e794f328cfe95897da','禽畜类','9bd015ec055411e794f328cfe95897da','1','false'),('2c90b5a75b04655d015b0473300a01d6','9338f793055611e794f328cfe95897da','水产类','9bd015ec055411e794f328cfe95897da','1','false'),('2c90b5a75b04655d015b0473301001d7','a835683a055611e794f328cfe95897da','繁育种苗','9bd015ec055411e794f328cfe95897da','1','false'),('2c90b5a75b04655d015b0473301501d8','a2e96c3f055411e794f328cfe95897da','粮油米面','0','1','true'),('2c90b5a75b04655d015b0473301b01d9','d6d645cd055611e794f328cfe95897da','食用油','a2e96c3f055411e794f328cfe95897da','1','false'),('2c90b5a75b04655d015b0473302001da','e20458e4055611e794f328cfe95897da','调味品','a2e96c3f055411e794f328cfe95897da','1','false'),('2c90b5a75b04655d015b0473302401db','cfe2e067055611e794f328cfe95897da','五谷杂粮','a2e96c3f055411e794f328cfe95897da','1','false'),('2c90b5a75b04655d015b0473302801dc','ae3fe6b3055411e794f328cfe95897da','农副加工','0','1','true'),('2c90b5a75b04655d015b0473302e01dd','0602f9e8055711e794f328cfe95897da','酒茶冲饮','ae3fe6b3055411e794f328cfe95897da','1','false'),('2c90b5a75b04655d015b0473303301de','14f47472055711e794f328cfe95897da','肉类水产加工','ae3fe6b3055411e794f328cfe95897da','1','false'),('2c90b5a75b04655d015b0473303701df','2d4d44ef055711e794f328cfe95897da','蔬果加工','ae3fe6b3055411e794f328cfe95897da','1','false'),('2c90b5a75b04655d015b0473303c01e0','34382d56055711e794f328cfe95897da','肉蛋奶','ae3fe6b3055411e794f328cfe95897da','1','false'),('2c90b5a75b04655d015b0473304101e1','cb6a5d51055411e794f328cfe95897da','农资农机','0','1','true'),('2c90b5a75b04655d015b0473304501e2','4fce9cd3055711e794f328cfe95897da','农资','cb6a5d51055411e794f328cfe95897da','1','false'),('2c90b5a75b04655d015b0473304901e3','56d0786b055711e794f328cfe95897da','农机','cb6a5d51055411e794f328cfe95897da','1','false'),('2d4d44ca055711e794f328cfe95897da','2d4d44ef055711e794f328cfe95897da','蔬果加工','ae3fe6b3055411e794f328cfe95897da','0','false'),('34382d35055711e794f328cfe95897da','34382d56055711e794f328cfe95897da','肉蛋奶','ae3fe6b3055411e794f328cfe95897da','0','false'),('4fce9ca9055711e794f328cfe95897da','4fce9cd3055711e794f328cfe95897da','农资','cb6a5d51055411e794f328cfe95897da','0','false'),('56d0784a055711e794f328cfe95897da','56d0786b055711e794f328cfe95897da','农机','cb6a5d51055411e794f328cfe95897da','0','false'),('7711eedc055611e794f328cfe95897da','7711eefd055611e794f328cfe95897da','特种类','9bd015ec055411e794f328cfe95897da','0','false'),('8a1fad7d055611e794f328cfe95897da','8a1fad9e055611e794f328cfe95897da','禽畜类','9bd015ec055411e794f328cfe95897da','0','false'),('8d47ae2f055411e794f328cfe95897da','8d47ae65055411e794f328cfe95897da','水果蔬菜','0','0','true'),('9338f77a055611e794f328cfe95897da','9338f793055611e794f328cfe95897da','水产类','9bd015ec055411e794f328cfe95897da','0','false'),('9bd015b2055411e794f328cfe95897da','9bd015ec055411e794f328cfe95897da','畜牧水产','0','0','true'),('a2e96c0a055411e794f328cfe95897da','a2e96c3f055411e794f328cfe95897da','粮油米面','0','0','true'),('a8356815055611e794f328cfe95897da','a835683a055611e794f328cfe95897da','繁育种苗','9bd015ec055411e794f328cfe95897da','0','false'),('ae3fe67e055411e794f328cfe95897da','ae3fe6b3055411e794f328cfe95897da','农副加工','0','0','true'),('cb6a5d1b055411e794f328cfe95897da','cb6a5d51055411e794f328cfe95897da','农资农机','0','0','true'),('cfe2e02e055611e794f328cfe95897da','cfe2e067055611e794f328cfe95897da','五谷杂粮','a2e96c3f055411e794f328cfe95897da','0','false'),('d6d645b5055611e794f328cfe95897da','d6d645cd055611e794f328cfe95897da','食用油','a2e96c3f055411e794f328cfe95897da','0','false'),('e20458c8055611e794f328cfe95897da','e20458e4055611e794f328cfe95897da','调味品','a2e96c3f055411e794f328cfe95897da','0','false');

/*Table structure for table `category_data` */

DROP TABLE IF EXISTS `category_data`;

CREATE TABLE `category_data` (
  `id` varchar(32) NOT NULL,
  `cid` varchar(32) DEFAULT NULL,
  `cname` varchar(40) DEFAULT NULL,
  `parentid` varchar(40) DEFAULT NULL,
  `state` varchar(2) DEFAULT NULL,
  `isParent` varchar(10) DEFAULT 'false'
) ENGINE=InnoDB DEFAULT CHARSET=utf8;

/*Data for the table `category_data` */

insert  into `category_data`(`id`,`cid`,`cname`,`parentid`,`state`,`isParent`) values ('0602f9c8055711e794f328cfe95897da','0602f9e8055711e794f328cfe95897da','酒茶冲饮','ae3fe6b3055411e794f328cfe95897da','1','false'),('06298c0b055611e794f328cfe95897da','06298c30055611e794f328cfe95897da','水果','8d47ae65055411e794f328cfe95897da','1','false'),('14f4745a055711e794f328cfe95897da','14f47472055711e794f328cfe95897da','肉类水产加工','ae3fe6b3055411e794f328cfe95897da','1','false'),('16cd621e055611e794f328cfe95897da','16cd624f055611e794f328cfe95897da','蔬菜','8d47ae65055411e794f328cfe95897da','1','false'),('2d4d44ca055711e794f328cfe95897da','2d4d44ef055711e794f328cfe95897da','蔬果加工','ae3fe6b3055411e794f328cfe95897da','1','false'),('34382d35055711e794f328cfe95897da','34382d56055711e794f328cfe95897da','肉蛋奶','ae3fe6b3055411e794f328cfe95897da','1','false'),('4fce9ca9055711e794f328cfe95897da','4fce9cd3055711e794f328cfe95897da','农资','cb6a5d51055411e794f328cfe95897da','1','false'),('56d0784a055711e794f328cfe95897da','56d0786b055711e794f328cfe95897da','农机','cb6a5d51055411e794f328cfe95897da','1','false'),('7711eedc055611e794f328cfe95897da','7711eefd055611e794f328cfe95897da','特种类','9bd015ec055411e794f328cfe95897da','1','false'),('8a1fad7d055611e794f328cfe95897da','8a1fad9e055611e794f328cfe95897da','禽畜类','9bd015ec055411e794f328cfe95897da','1','false'),('8d47ae2f055411e794f328cfe95897da','8d47ae65055411e794f328cfe95897da','水果蔬菜','0','1','true'),('9338f77a055611e794f328cfe95897da','9338f793055611e794f328cfe95897da','水产类','9bd015ec055411e794f328cfe95897da','1','false'),('9bd015b2055411e794f328cfe95897da','9bd015ec055411e794f328cfe95897da','畜牧水产','0','1','true'),('a2e96c0a055411e794f328cfe95897da','a2e96c3f055411e794f328cfe95897da','粮油米面','0','1','true'),('a8356815055611e794f328cfe95897da','a835683a055611e794f328cfe95897da','繁育种苗','9bd015ec055411e794f328cfe95897da','1','false'),('ae3fe67e055411e794f328cfe95897da','ae3fe6b3055411e794f328cfe95897da','农副加工','0','1','true'),('cb6a5d1b055411e794f328cfe95897da','cb6a5d51055411e794f328cfe95897da','农资农机','0','1','true'),('cfe2e02e055611e794f328cfe95897da','cfe2e067055611e794f328cfe95897da','五谷杂粮','a2e96c3f055411e794f328cfe95897da','1','false'),('d6d645b5055611e794f328cfe95897da','d6d645cd055611e794f328cfe95897da','食用油','a2e96c3f055411e794f328cfe95897da','1','false'),('e20458c8055611e794f328cfe95897da','e20458e4055611e794f328cfe95897da','调味品','a2e96c3f055411e794f328cfe95897da','1','false');

/*Table structure for table `news` */

DROP TABLE IF EXISTS `news`;

CREATE TABLE `news` (
  `nid` varchar(32) NOT NULL,
  `title` varchar(50) DEFAULT NULL,
  `createtime` datetime DEFAULT NULL,
  `publisher` varchar(50) DEFAULT NULL,
  `content` text,
  `state` varchar(2) DEFAULT NULL,
  PRIMARY KEY (`nid`),
  KEY `FK_news_admin` (`publisher`),
  CONSTRAINT `FK_news_admin` FOREIGN KEY (`publisher`) REFERENCES `sys_admin` (`id`) ON DELETE NO ACTION ON UPDATE NO ACTION
) ENGINE=InnoDB DEFAULT CHARSET=utf8;

/*Data for the table `news` */

/*Table structure for table `orderdetail` */

DROP TABLE IF EXISTS `orderdetail`;

CREATE TABLE `orderdetail` (
  `odid` varchar(32) NOT NULL,
  `oid` varchar(32) DEFAULT NULL,
  `pid` varchar(32) DEFAULT NULL,
  `number` int(11) DEFAULT NULL,
  PRIMARY KEY (`odid`),
  KEY `FK_orderdetail_orders` (`oid`),
  KEY `FK_orderdetail_product` (`pid`),
  CONSTRAINT `FK_orderdetail_orders` FOREIGN KEY (`oid`) REFERENCES `orders` (`oid`) ON DELETE NO ACTION ON UPDATE NO ACTION,
  CONSTRAINT `FK_orderdetail_product` FOREIGN KEY (`pid`) REFERENCES `product` (`pid`) ON DELETE NO ACTION ON UPDATE NO ACTION
) ENGINE=InnoDB DEFAULT CHARSET=utf8;

/*Data for the table `orderdetail` */

/*Table structure for table `orders` */

DROP TABLE IF EXISTS `orders`;

CREATE TABLE `orders` (
  `oid` varchar(32) NOT NULL,
  `admin` varchar(50) DEFAULT NULL COMMENT '操作人',
  `odid` varchar(32) DEFAULT NULL COMMENT '订单明细id',
  `customername` varchar(10) DEFAULT NULL COMMENT '客户名字',
  `customeraddress` varchar(50) DEFAULT NULL COMMENT '客户地址',
  `customerphone` varchar(20) DEFAULT NULL COMMENT '客户电话',
  `creattime` datetime DEFAULT NULL COMMENT '创建时间',
  `note` varchar(100) DEFAULT NULL COMMENT '备注',
  `state` varchar(2) DEFAULT NULL COMMENT '状态',
  PRIMARY KEY (`oid`),
  KEY `FK_orders_admin` (`admin`),
  CONSTRAINT `FK_orders_admin` FOREIGN KEY (`admin`) REFERENCES `sys_admin` (`id`) ON DELETE NO ACTION ON UPDATE NO ACTION
) ENGINE=InnoDB DEFAULT CHARSET=utf8;

/*Data for the table `orders` */

/*Table structure for table `performance` */

DROP TABLE IF EXISTS `performance`;

CREATE TABLE `performance` (
  `id` varchar(32) NOT NULL,
  `admin` varchar(32) DEFAULT NULL,
  `monthbase` float DEFAULT NULL,
  `monthwork` float DEFAULT NULL,
  `punishment` float DEFAULT NULL,
  `notetime` varchar(20) DEFAULT NULL,
  PRIMARY KEY (`id`),
  KEY `FK_performance_admin` (`admin`),
  CONSTRAINT `FK_performance_admin` FOREIGN KEY (`admin`) REFERENCES `sys_admin` (`id`) ON DELETE NO ACTION ON UPDATE NO ACTION
) ENGINE=InnoDB DEFAULT CHARSET=utf8;

/*Data for the table `performance` */

/*Table structure for table `product` */

DROP TABLE IF EXISTS `product`;

CREATE TABLE `product` (
  `pid` varchar(32) NOT NULL,
  `pcategory` varchar(32) DEFAULT NULL COMMENT '产品类别',
  `pname` varchar(20) DEFAULT NULL COMMENT '产品名字',
  `price` double DEFAULT '0',
  `punit` varchar(5) DEFAULT NULL COMMENT '产品单位',
  `origin` varchar(20) DEFAULT NULL COMMENT '产品产地',
  `inventory` int(11) DEFAULT '0' COMMENT '存货数',
  `pimg` varchar(150) DEFAULT NULL,
  `creattime` datetime DEFAULT NULL,
  `state` varchar(2) DEFAULT NULL,
  PRIMARY KEY (`pid`),
  KEY `FK_product_category` (`pcategory`),
  CONSTRAINT `FK_product_category` FOREIGN KEY (`pcategory`) REFERENCES `category` (`id`) ON DELETE NO ACTION ON UPDATE NO ACTION
) ENGINE=InnoDB DEFAULT CHARSET=utf8;

/*Data for the table `product` */

/*Table structure for table `sys_admin` */

DROP TABLE IF EXISTS `sys_admin`;

CREATE TABLE `sys_admin` (
  `id` varchar(32) NOT NULL COMMENT 'Ψһidʶ',
  `loginname` varchar(50) DEFAULT NULL,
  `password` varchar(50) DEFAULT NULL,
  `phone` varchar(50) DEFAULT NULL,
  `email` varchar(50) DEFAULT NULL,
  `createtime` datetime DEFAULT NULL,
  `roletype` varchar(10) DEFAULT NULL,
  `state` varchar(2) DEFAULT NULL COMMENT '״̬',
  PRIMARY KEY (`id`)
) ENGINE=InnoDB DEFAULT CHARSET=utf8;

/*Data for the table `sys_admin` */

insert  into `sys_admin`(`id`,`loginname`,`password`,`phone`,`email`,`createtime`,`roletype`,`state`) values ('2c90b5a75acb6543015acb66d08e0000','hahaha','123456','12345678900','fda@sina.com','2017-03-14 13:59:57','3','1'),('402882355a5e4b28015a5e4b2d9f0000','admin','123456','12345678900','123132@qq.com','2017-02-21 09:31:09','1','1'),('402882355a5e5e1c015a5e5e20650000','lulu','123456','12345678910','496937493@qq.com','2017-02-21 09:51:47','1','1'),('402882355a5e5f39015a5e5f3dac0000','test0','123456','12345678910','0@qq.com','2017-02-21 09:53:04','2','1'),('402882355a5e5f39015a5e5f3e360001','test1','123456','12345678910','1@qq.com','2017-02-21 09:53:04','2','1'),('402882355a5e5f39015a5e5f3e7e0002','test2','123456','12345678910','2@qq.com','2017-02-21 09:53:04','2','1'),('402882355a5e5f39015a5e5f3eb00003','test3','123456','12345678910','3@qq.com','2017-02-21 09:53:04','2','1'),('402882355a5e5f39015a5e5f3ec30004','test4','123456','12345678910','4@qq.com','2017-02-21 09:53:04','2','1'),('402882355a5e5f39015a5e5f3ed90005','test5','123456','12345678910','test5@qq.com','2017-02-21 09:53:04','2','1'),('402882355a5e5f39015a5e5f3f060006','test6','123456','12345678910','test6@qq.com','2017-02-21 09:53:04','2','1'),('402882355a5e5f39015a5e5f3f1b0007','test7','123456','11111111111','test7777777777@qq.com','2017-02-21 09:53:04','2','1'),('402882355a5e5f39015a5e5f3f5b0008','test8','123456','12345678910','8@qq.com','2017-02-21 09:53:04','2','1'),('402882355a5e5f39015a5e5f3f840009','test9','123456','12345678910','9@qq.com','2017-02-21 09:53:04','2','1'),('402882355a5e5f39015a5e5f3fa2000a','test10','123456','12345678910','10@qq.com','2017-02-21 09:53:04','2','1'),('402882355a5e5f39015a5e5f3fc0000b','test11','123456','12345678910','11@qq.com','2017-02-21 09:53:04','2','1'),('402882355a5e5f39015a5e5f3fe5000c','test12','123456','12345678910','12@qq.com','2017-02-21 09:53:04','2','1'),('402882355a5e5f39015a5e5f4001000d','test13','123456','12345678910','13@qq.com','2017-02-21 09:53:05','2','1'),('402882355a5e5f39015a5e5f402f000e','test14','123456','12345678910','14@qq.com','2017-02-21 09:53:05','2','1'),('402882355a5e5f39015a5e5f4056000f','test15','123456','12345678910','15@qq.com','2017-02-21 09:53:05','2','1'),('402882355a5e5f39015a5e5f407f0010','test16','123456','12345678910','16@qq.com','2017-02-21 09:53:05','2','1'),('402882355a5e5f39015a5e5f409b0011','test17','123456','12345678910','17@qq.com','2017-02-21 09:53:05','2','1'),('402882355a5e5f39015a5e5f40ae0012','test18','123456','12345678910','18@qq.com','2017-02-21 09:53:05','2','1'),('402882355a5e5f39015a5e5f40ff0013','test19','123456','12345678910','19@qq.com','2017-02-21 09:53:05','2','1'),('402882355a5e5f39015a5e5f41230014','test20','123456','12345678910','20@qq.com','2017-02-21 09:53:05','2','1'),('402882355a5e5f39015a5e5f413d0015','test21','123456','12345678910','21@qq.com','2017-02-21 09:53:05','2','1'),('402882355a5e5f39015a5e5f415c0016','test22','123456','12345678910','22@qq.com','2017-02-21 09:53:05','2','1'),('402882355a5e5f39015a5e5f418e0017','test23','123456','12345678910','23@qq.com','2017-02-21 09:53:05','2','1'),('402882355a5e5f39015a5e5f41ab0018','test24','123456','12345678910','24@qq.com','2017-02-21 09:53:05','2','1'),('402882355a5e5f39015a5e5f41c80019','test25','123456','12345678910','25@qq.com','2017-02-21 09:53:05','2','1'),('402882355a5e5f39015a5e5f41e4001a','test26','123456','12345678910','26@qq.com','2017-02-21 09:53:05','2','1'),('402882355a5e5f39015a5e5f4202001b','test27','123456','12345678910','27@qq.com','2017-02-21 09:53:05','2','1'),('402882355a5e5f39015a5e5f4229001c','test28','123456','12345678910','28@qq.com','2017-02-21 09:53:05','2','1'),('402882355a5e5f39015a5e5f4246001d','test29','123456','12345678910','29@qq.com','2017-02-21 09:53:05','2','1'),('402882355a82cb64015a82cce6e80000','aaaaa','123456','12345678910','wqerwe@qq.com','2017-02-28 11:39:10','2','1'),('402882355a835941015a835b2c870000','aaaaaa','123456','13245678912','asdasd@qweq.com','2017-02-28 14:14:34','2','1'),('402882355a835941015a835f835a0001','asdffas','123456789','12345678911','asdasd@qq.com','2017-02-28 14:19:19','2','1'),('402882355a835941015a835feb9f0002','tstte','123456','12345678911','dasdwq!@sdaf.com','2017-02-28 14:19:45','2','1');

/*Table structure for table `sys_loginlog` */

DROP TABLE IF EXISTS `sys_loginlog`;

CREATE TABLE `sys_loginlog` (
  `id` varchar(32) NOT NULL,
  `ip` varchar(50) DEFAULT NULL,
  `loginname` varchar(50) DEFAULT NULL,
  `logintime` datetime DEFAULT NULL,
  PRIMARY KEY (`id`)
) ENGINE=InnoDB DEFAULT CHARSET=utf8;

/*Data for the table `sys_loginlog` */

/*Table structure for table `sys_role` */

DROP TABLE IF EXISTS `sys_role`;

CREATE TABLE `sys_role` (
  `id` varchar(32) NOT NULL,
  `roletype` varchar(2) DEFAULT NULL,
  `rolename` varchar(50) DEFAULT NULL,
  PRIMARY KEY (`id`)
) ENGINE=InnoDB DEFAULT CHARSET=utf8;

/*Data for the table `sys_role` */

insert  into `sys_role`(`id`,`roletype`,`rolename`) values ('2adf90200dfa11e7867028cfe95897da','1','管理员'),('402882355a5e54ea015a5e54f03b0000','2','产品员工'),('402882355a5e54ea015a5e54f1470001','3','人事员工');

/*!40101 SET SQL_MODE=@OLD_SQL_MODE */;
/*!40014 SET FOREIGN_KEY_CHECKS=@OLD_FOREIGN_KEY_CHECKS */;
/*!40014 SET UNIQUE_CHECKS=@OLD_UNIQUE_CHECKS */;
/*!40111 SET SQL_NOTES=@OLD_SQL_NOTES */;
